Image ID,Class,Score(%)
100109202001_Blue_Lane [1]_RackIndex[1]_Date_01_09_2020_ 0530,Blue,100
100109202001_Blue_Lane [5]_RackIndex[15]_Date_01_23_2020_ 1614,Blue,100
100109202001_White_Lane [1]_RackIndex[1]_Date_01_09_2020_ 0529,White,99.9997
100109202001_White_Lane [5]_RackIndex[15]_Date_01_23_2020_ 1613,White,99.9997
100109202002_Blue_Lane [1]_RackIndex[2]_Date_01_09_2020_ 0532,Blue,99.9999
100109202002_Blue_Lane [5]_RackIndex[14]_Date_01_23_2020_ 1612,Blue,100
100109202002_White_Lane [1]_RackIndex[2]_Date_01_09_2020_ 0531,White,99.9998
100109202002_White_Lane [5]_RackIndex[14]_Date_01_23_2020_ 1611,White,99.9997
100109202003_Blue_Lane [1]_RackIndex[3]_Date_01_09_2020_ 0534,Blue,100
100109202003_Blue_Lane [5]_RackIndex[11]_Date_01_23_2020_ 1606,Blue,100
100109202003_White_Lane [1]_RackIndex[3]_Date_01_09_2020_ 0533,White,99.9999
100109202003_White_Lane [5]_RackIndex[11]_Date_01_23_2020_ 1605,White,99.9998
100109202004_Blue_Lane [5]_RackIndex[10]_Date_01_23_2020_ 1604,Blue,100
100109202004_White_Lane [5]_RackIndex[10]_Date_01_23_2020_ 1603,White,99.9999
100109202005_Blue_Lane [1]_RackIndex[5]_Date_01_09_2020_ 0538,Blue,100
100109202005_Blue_Lane [4]_RackIndex[15]_Date_01_23_2020_ 1582,Blue,100
100109202005_White_Lane [1]_RackIndex[5]_Date_01_09_2020_ 0537,White,99.9999
100109202005_White_Lane [4]_RackIndex[15]_Date_01_23_2020_ 1581,White,99.9999
100109202006_Blue_Lane [1]_RackIndex[6]_Date_01_09_2020_ 0540,Blue,100
100109202006_Blue_Lane [4]_RackIndex[14]_Date_01_23_2020_ 1580,Blue,100
100109202006_White_Lane [1]_RackIndex[6]_Date_01_09_2020_ 0539,White,99.9998
100109202006_White_Lane [4]_RackIndex[14]_Date_01_23_2020_ 1579,White,99.9998
100109202007_Blue_Lane [1]_RackIndex[7]_Date_01_09_2020_ 0542,Blue,100
100109202007_White_Lane [1]_RackIndex[7]_Date_01_09_2020_ 0541,White,99.9999
100109202008_Blue_Lane [1]_RackIndex[8]_Date_01_09_2020_ 0544,Blue,99.9998
100109202008_White_Lane [1]_RackIndex[8]_Date_01_09_2020_ 0543,White,99.9998
100109202009_Blue_Lane [1]_RackIndex[9]_Date_01_09_2020_ 0546,Blue,100
100109202009_Blue_Lane [5]_RackIndex[12]_Date_01_23_2020_ 1608,Blue,100
100109202009_White_Lane [1]_RackIndex[9]_Date_01_09_2020_ 0545,White,99.9999
100109202009_White_Lane [5]_RackIndex[12]_Date_01_23_2020_ 1607,White,99.9999
100109202010_Blue_Lane [1]_RackIndex[10]_Date_01_09_2020_ 0548,Blue,100
100109202010_Blue_Lane [5]_RackIndex[9]_Date_01_23_2020_ 1602,Blue,100
100109202010_White_Lane [1]_RackIndex[10]_Date_01_09_2020_ 0547,White,99.9998
100109202010_White_Lane [5]_RackIndex[9]_Date_01_23_2020_ 1601,White,99.9998
100109202011_Blue_Lane [1]_RackIndex[11]_Date_01_09_2020_ 0550,Blue,100
100109202011_Blue_Lane [5]_RackIndex[5]_Date_01_23_2020_ 1594,Blue,100
100109202011_White_Lane [1]_RackIndex[11]_Date_01_09_2020_ 0549,White,99.9999
100109202011_White_Lane [5]_RackIndex[5]_Date_01_23_2020_ 1593,White,99.9998
100109202012_Blue_Lane [1]_RackIndex[12]_Date_01_09_2020_ 0552,Blue,100
100109202012_Blue_Lane [5]_RackIndex[1]_Date_01_23_2020_ 1586,Blue,100
100109202012_White_Lane [1]_RackIndex[12]_Date_01_09_2020_ 0551,White,100
100109202012_White_Lane [5]_RackIndex[1]_Date_01_23_2020_ 1585,White,100
100109202013_Blue_Lane [1]_RackIndex[13]_Date_01_09_2020_ 0554,Blue,100
100109202013_White_Lane [1]_RackIndex[13]_Date_01_09_2020_ 0553,White,99.9992
100109202014_Blue_Lane [1]_RackIndex[14]_Date_01_09_2020_ 0556,Blue,100
100109202014_White_Lane [1]_RackIndex[14]_Date_01_09_2020_ 0555,White,99.9999
100109202015_Blue_Lane [1]_RackIndex[15]_Date_01_09_2020_ 0558,Blue,99.9999
100109202015_Blue_Lane [5]_RackIndex[13]_Date_01_23_2020_ 1610,Blue,100
100109202015_White_Lane [1]_RackIndex[15]_Date_01_09_2020_ 0557,White,99.9998
100109202015_White_Lane [5]_RackIndex[13]_Date_01_23_2020_ 1609,White,99.9999
100109202016_Blue_Lane [1]_RackIndex[16]_Date_01_09_2020_ 0560,Blue,100
100109202016_Blue_Lane [5]_RackIndex[8]_Date_01_23_2020_ 1600,Blue,100
100109202016_White_Lane [1]_RackIndex[16]_Date_01_09_2020_ 0559,White,100
100109202016_White_Lane [5]_RackIndex[8]_Date_01_23_2020_ 1599,White,100
100109202017_Blue_Lane [2]_RackIndex[1]_Date_01_09_2020_ 0562,Blue,100
100109202017_Blue_Lane [5]_RackIndex[4]_Date_01_23_2020_ 1592,Blue,100
100109202017_White_Lane [2]_RackIndex[1]_Date_01_09_2020_ 0561,White,99.9998
100109202017_White_Lane [5]_RackIndex[4]_Date_01_23_2020_ 1591,White,99.9997
100109202018_Blue_Lane [2]_RackIndex[2]_Date_01_09_2020_ 0564,Blue,100
100109202018_Blue_Lane [4]_RackIndex[16]_Date_01_23_2020_ 1584,Blue,100
100109202018_White_Lane [2]_RackIndex[2]_Date_01_09_2020_ 0563,White,99.9998
100109202018_White_Lane [4]_RackIndex[16]_Date_01_23_2020_ 1583,White,99.9998
100109202019_Blue_Lane [2]_RackIndex[3]_Date_01_09_2020_ 0566,Blue,99.9999
100109202019_White_Lane [2]_RackIndex[3]_Date_01_09_2020_ 0565,White,99.9997
100109202020_Blue_Lane [2]_RackIndex[4]_Date_01_09_2020_ 0568,Blue,100
100109202020_Blue_Lane [5]_RackIndex[16]_Date_01_23_2020_ 1616,Blue,100
100109202020_White_Lane [2]_RackIndex[4]_Date_01_09_2020_ 0567,White,99.9999
100109202020_White_Lane [5]_RackIndex[16]_Date_01_23_2020_ 1615,White,99.9999
100109202021_Blue_Lane [5]_RackIndex[7]_Date_01_23_2020_ 1598,Blue,100
100109202021_White_Lane [5]_RackIndex[7]_Date_01_23_2020_ 1597,White,99.9997
100109202022_Blue_Lane [2]_RackIndex[6]_Date_01_09_2020_ 0572,Blue,100
100109202022_Blue_Lane [5]_RackIndex[6]_Date_01_23_2020_ 1596,Blue,100
100109202022_White_Lane [2]_RackIndex[6]_Date_01_09_2020_ 0571,White,99.9999
100109202022_White_Lane [5]_RackIndex[6]_Date_01_23_2020_ 1595,White,99.9999
100109202023_Blue_Lane [2]_RackIndex[7]_Date_01_09_2020_ 0574,Blue,100
100109202023_Blue_Lane [5]_RackIndex[3]_Date_01_23_2020_ 1590,Blue,100
100109202023_White_Lane [2]_RackIndex[7]_Date_01_09_2020_ 0573,White,99.9999
100109202023_White_Lane [5]_RackIndex[3]_Date_01_23_2020_ 1589,White,99.9997
100109202024_Blue_Lane [2]_RackIndex[8]_Date_01_09_2020_ 0576,Blue,100
100109202024_Blue_Lane [5]_RackIndex[2]_Date_01_23_2020_ 1588,Blue,100
100109202024_White_Lane [2]_RackIndex[8]_Date_01_09_2020_ 0575,White,99.9999
100109202024_White_Lane [5]_RackIndex[2]_Date_01_23_2020_ 1587,White,99.9999
100109202025_Blue_Lane [1]_RackIndex[1]_Date_01_10_2020_ 0626,Blue,100
100109202025_Blue_Lane [1]_RackIndex[1]_Date_01_10_2020_ 0722,Blue,100
100109202025_Blue_Lane [1]_RackIndex[1]_Date_01_10_2020_ 0818,Blue,100
100109202025_Blue_Lane [1]_RackIndex[1]_Date_01_10_2020_ 0914,Blue,100
100109202025_Blue_Lane [2]_RackIndex[9]_Date_01_09_2020_ 0578,Blue,100
100109202025_Blue_Lane [4]_RackIndex[1]_Date_01_10_2020_ 0978,Blue,100
100109202025_Blue_Lane [4]_RackIndex[1]_Date_01_10_2020_ 1074,Blue,100
100109202025_Blue_Lane [4]_RackIndex[1]_Date_01_10_2020_ 1170,Blue,100
100109202025_White_Lane [1]_RackIndex[1]_Date_01_10_2020_ 0625,White,99.9995
100109202025_White_Lane [1]_RackIndex[1]_Date_01_10_2020_ 0721,White,99.9994
100109202025_White_Lane [1]_RackIndex[1]_Date_01_10_2020_ 0817,White,99.9995
100109202025_White_Lane [1]_RackIndex[1]_Date_01_10_2020_ 0913,White,99.9995
100109202025_White_Lane [2]_RackIndex[9]_Date_01_09_2020_ 0577,White,99.9994
100109202025_White_Lane [4]_RackIndex[1]_Date_01_10_2020_ 0977,White,99.9995
100109202025_White_Lane [4]_RackIndex[1]_Date_01_10_2020_ 1073,White,99.9995
100109202025_White_Lane [4]_RackIndex[1]_Date_01_10_2020_ 1169,White,99.9995
100109202026_Blue_Lane [1]_RackIndex[2]_Date_01_10_2020_ 0628,Blue,100
100109202026_Blue_Lane [1]_RackIndex[2]_Date_01_10_2020_ 0724,Blue,100
100109202026_Blue_Lane [1]_RackIndex[2]_Date_01_10_2020_ 0820,Blue,100
100109202026_Blue_Lane [1]_RackIndex[2]_Date_01_10_2020_ 0916,Blue,100
100109202026_Blue_Lane [1]_RackIndex[5]_Date_01_10_2020_ 1242,Blue,100
100109202026_Blue_Lane [2]_RackIndex[10]_Date_01_09_2020_ 0580,Blue,100
100109202026_Blue_Lane [4]_RackIndex[2]_Date_01_10_2020_ 0980,Blue,100
100109202026_Blue_Lane [4]_RackIndex[2]_Date_01_10_2020_ 1076,Blue,100
100109202026_Blue_Lane [4]_RackIndex[2]_Date_01_10_2020_ 1172,Blue,100
100109202026_White_Lane [1]_RackIndex[2]_Date_01_10_2020_ 0627,White,99.9997
100109202026_White_Lane [1]_RackIndex[2]_Date_01_10_2020_ 0723,White,99.9997
100109202026_White_Lane [1]_RackIndex[2]_Date_01_10_2020_ 0819,White,99.9998
100109202026_White_Lane [1]_RackIndex[2]_Date_01_10_2020_ 0915,White,99.9997
100109202026_White_Lane [1]_RackIndex[5]_Date_01_10_2020_ 1241,White,99.9998
100109202026_White_Lane [2]_RackIndex[10]_Date_01_09_2020_ 0579,White,99.9998
100109202026_White_Lane [4]_RackIndex[2]_Date_01_10_2020_ 0979,White,99.9997
100109202026_White_Lane [4]_RackIndex[2]_Date_01_10_2020_ 1075,White,99.9997
100109202026_White_Lane [4]_RackIndex[2]_Date_01_10_2020_ 1171,White,99.9997
100109202027_Blue_Lane [1]_RackIndex[3]_Date_01_10_2020_ 0630,Blue,100
100109202027_Blue_Lane [1]_RackIndex[3]_Date_01_10_2020_ 0726,Blue,100
100109202027_Blue_Lane [1]_RackIndex[3]_Date_01_10_2020_ 0822,Blue,100
100109202027_Blue_Lane [1]_RackIndex[3]_Date_01_10_2020_ 0918,Blue,100
100109202027_Blue_Lane [2]_RackIndex[11]_Date_01_09_2020_ 0582,Blue,100
100109202027_Blue_Lane [2]_RackIndex[14]_Date_01_10_2020_ 1292,Blue,100
100109202027_Blue_Lane [4]_RackIndex[3]_Date_01_10_2020_ 0982,Blue,100
100109202027_Blue_Lane [4]_RackIndex[3]_Date_01_10_2020_ 1078,Blue,100
100109202027_Blue_Lane [4]_RackIndex[3]_Date_01_10_2020_ 1174,Blue,100
100109202027_Blue_Lane [6]_RackIndex[3]_Date_01_23_2020_ 1622,Blue,100
100109202027_White_Lane [1]_RackIndex[3]_Date_01_10_2020_ 0629,White,99.9999
100109202027_White_Lane [1]_RackIndex[3]_Date_01_10_2020_ 0725,White,99.9998
100109202027_White_Lane [1]_RackIndex[3]_Date_01_10_2020_ 0821,White,99.9998
100109202027_White_Lane [1]_RackIndex[3]_Date_01_10_2020_ 0917,White,99.9998
100109202027_White_Lane [2]_RackIndex[11]_Date_01_09_2020_ 0581,White,99.9998
100109202027_White_Lane [2]_RackIndex[14]_Date_01_10_2020_ 1291,White,99.9998
100109202027_White_Lane [4]_RackIndex[3]_Date_01_10_2020_ 0981,White,99.9998
100109202027_White_Lane [4]_RackIndex[3]_Date_01_10_2020_ 1077,White,99.9998
100109202027_White_Lane [4]_RackIndex[3]_Date_01_10_2020_ 1173,White,99.9998
100109202027_White_Lane [6]_RackIndex[3]_Date_01_23_2020_ 1621,White,99.9997
100109202028_Blue_Lane [1]_RackIndex[4]_Date_01_10_2020_ 0632,Blue,100
100109202028_Blue_Lane [1]_RackIndex[4]_Date_01_10_2020_ 0728,Blue,100
100109202028_Blue_Lane [1]_RackIndex[4]_Date_01_10_2020_ 0824,Blue,100
100109202028_Blue_Lane [1]_RackIndex[4]_Date_01_10_2020_ 0920,Blue,100
100109202028_Blue_Lane [2]_RackIndex[12]_Date_01_09_2020_ 0584,Blue,100
100109202028_Blue_Lane [2]_RackIndex[13]_Date_01_10_2020_ 1290,Blue,100
100109202028_Blue_Lane [4]_RackIndex[4]_Date_01_10_2020_ 0984,Blue,100
100109202028_Blue_Lane [4]_RackIndex[4]_Date_01_10_2020_ 1080,Blue,100
100109202028_Blue_Lane [4]_RackIndex[4]_Date_01_10_2020_ 1176,Blue,100
100109202028_Blue_Lane [6]_RackIndex[8]_Date_01_23_2020_ 1632,Blue,100
100109202028_White_Lane [1]_RackIndex[4]_Date_01_10_2020_ 0631,White,99.9999
100109202028_White_Lane [1]_RackIndex[4]_Date_01_10_2020_ 0727,White,99.9999
100109202028_White_Lane [1]_RackIndex[4]_Date_01_10_2020_ 0823,White,99.9999
100109202028_White_Lane [1]_RackIndex[4]_Date_01_10_2020_ 0919,White,99.9999
100109202028_White_Lane [2]_RackIndex[12]_Date_01_09_2020_ 0583,White,99.9999
100109202028_White_Lane [2]_RackIndex[13]_Date_01_10_2020_ 1289,White,99.9999
100109202028_White_Lane [4]_RackIndex[4]_Date_01_10_2020_ 0983,White,99.9999
100109202028_White_Lane [4]_RackIndex[4]_Date_01_10_2020_ 1079,White,99.9999
100109202028_White_Lane [4]_RackIndex[4]_Date_01_10_2020_ 1175,White,99.9999
100109202028_White_Lane [6]_RackIndex[8]_Date_01_23_2020_ 1631,White,99.9999
100109202029_Blue_Lane [1]_RackIndex[5]_Date_01_10_2020_ 0634,Blue,100
100109202029_Blue_Lane [1]_RackIndex[5]_Date_01_10_2020_ 0730,Blue,100
100109202029_Blue_Lane [1]_RackIndex[5]_Date_01_10_2020_ 0826,Blue,100
100109202029_Blue_Lane [1]_RackIndex[5]_Date_01_10_2020_ 0922,Blue,100
100109202029_Blue_Lane [1]_RackIndex[14]_Date_01_10_2020_ 1260,Blue,100
100109202029_Blue_Lane [2]_RackIndex[13]_Date_01_09_2020_ 0586,Blue,100
100109202029_Blue_Lane [4]_RackIndex[5]_Date_01_10_2020_ 0986,Blue,100
100109202029_Blue_Lane [4]_RackIndex[5]_Date_01_10_2020_ 1082,Blue,100
100109202029_Blue_Lane [4]_RackIndex[5]_Date_01_10_2020_ 1178,Blue,100
100109202029_White_Lane [1]_RackIndex[5]_Date_01_10_2020_ 0633,White,99.9999
100109202029_White_Lane [1]_RackIndex[5]_Date_01_10_2020_ 0729,White,99.9999
100109202029_White_Lane [1]_RackIndex[5]_Date_01_10_2020_ 0825,White,99.9999
100109202029_White_Lane [1]_RackIndex[5]_Date_01_10_2020_ 0921,White,99.9999
100109202029_White_Lane [1]_RackIndex[14]_Date_01_10_2020_ 1259,White,99.9999
100109202029_White_Lane [2]_RackIndex[13]_Date_01_09_2020_ 0585,White,99.9999
100109202029_White_Lane [4]_RackIndex[5]_Date_01_10_2020_ 0985,White,99.9999
100109202029_White_Lane [4]_RackIndex[5]_Date_01_10_2020_ 1081,White,99.9999
100109202029_White_Lane [4]_RackIndex[5]_Date_01_10_2020_ 1177,White,99.9999
100109202030_Blue_Lane [1]_RackIndex[6]_Date_01_10_2020_ 0636,Blue,100
100109202030_Blue_Lane [1]_RackIndex[6]_Date_01_10_2020_ 0732,Blue,100
100109202030_Blue_Lane [1]_RackIndex[6]_Date_01_10_2020_ 0828,Blue,100
100109202030_Blue_Lane [1]_RackIndex[6]_Date_01_10_2020_ 0924,Blue,100
100109202030_Blue_Lane [1]_RackIndex[11]_Date_01_10_2020_ 1254,Blue,100
100109202030_Blue_Lane [2]_RackIndex[14]_Date_01_09_2020_ 0588,Blue,100
100109202030_Blue_Lane [4]_RackIndex[6]_Date_01_10_2020_ 0988,Blue,100
100109202030_Blue_Lane [4]_RackIndex[6]_Date_01_10_2020_ 1084,Blue,100
100109202030_Blue_Lane [4]_RackIndex[6]_Date_01_10_2020_ 1180,Blue,100
100109202030_White_Lane [1]_RackIndex[6]_Date_01_10_2020_ 0635,White,99.9998
100109202030_White_Lane [1]_RackIndex[6]_Date_01_10_2020_ 0731,White,99.9999
100109202030_White_Lane [1]_RackIndex[6]_Date_01_10_2020_ 0827,White,99.9998
100109202030_White_Lane [1]_RackIndex[6]_Date_01_10_2020_ 0923,White,99.9998
100109202030_White_Lane [1]_RackIndex[11]_Date_01_10_2020_ 1253,White,99.9999
100109202030_White_Lane [2]_RackIndex[14]_Date_01_09_2020_ 0587,White,99.9998
100109202030_White_Lane [4]_RackIndex[6]_Date_01_10_2020_ 0987,White,99.9998
100109202030_White_Lane [4]_RackIndex[6]_Date_01_10_2020_ 1083,White,99.9999
100109202030_White_Lane [4]_RackIndex[6]_Date_01_10_2020_ 1179,White,99.9999
100109202031_Blue_Lane [1]_RackIndex[1]_Date_01_10_2020_ 1234,Blue,100
100109202031_Blue_Lane [1]_RackIndex[7]_Date_01_10_2020_ 0638,Blue,100
100109202031_Blue_Lane [1]_RackIndex[7]_Date_01_10_2020_ 0734,Blue,100
100109202031_Blue_Lane [1]_RackIndex[7]_Date_01_10_2020_ 0830,Blue,100
100109202031_Blue_Lane [1]_RackIndex[7]_Date_01_10_2020_ 0926,Blue,100
100109202031_Blue_Lane [2]_RackIndex[15]_Date_01_09_2020_ 0590,Blue,100
100109202031_Blue_Lane [4]_RackIndex[7]_Date_01_10_2020_ 0990,Blue,100
100109202031_Blue_Lane [4]_RackIndex[7]_Date_01_10_2020_ 1086,Blue,100
100109202031_Blue_Lane [4]_RackIndex[7]_Date_01_10_2020_ 1182,Blue,100
100109202031_White_Lane [1]_RackIndex[1]_Date_01_10_2020_ 1233,White,99.9999
100109202031_White_Lane [1]_RackIndex[7]_Date_01_10_2020_ 0637,White,99.9999
100109202031_White_Lane [1]_RackIndex[7]_Date_01_10_2020_ 0733,White,99.9999
100109202031_White_Lane [1]_RackIndex[7]_Date_01_10_2020_ 0829,White,99.9999
100109202031_White_Lane [1]_RackIndex[7]_Date_01_10_2020_ 0925,White,99.9999
100109202031_White_Lane [2]_RackIndex[15]_Date_01_09_2020_ 0589,White,99.9999
100109202031_White_Lane [4]_RackIndex[7]_Date_01_10_2020_ 0989,White,99.9999
100109202031_White_Lane [4]_RackIndex[7]_Date_01_10_2020_ 1085,White,99.9999
100109202031_White_Lane [4]_RackIndex[7]_Date_01_10_2020_ 1181,White,99.9999
100109202032_Blue_Lane [1]_RackIndex[8]_Date_01_10_2020_ 0640,Blue,100
100109202032_Blue_Lane [1]_RackIndex[8]_Date_01_10_2020_ 0736,Blue,100
100109202032_Blue_Lane [1]_RackIndex[8]_Date_01_10_2020_ 0832,Blue,100
100109202032_Blue_Lane [1]_RackIndex[8]_Date_01_10_2020_ 0928,Blue,100
100109202032_Blue_Lane [3]_RackIndex[2]_Date_01_10_2020_ 1300,Blue,100
100109202032_Blue_Lane [4]_RackIndex[8]_Date_01_10_2020_ 0992,Blue,100
100109202032_Blue_Lane [4]_RackIndex[8]_Date_01_10_2020_ 1088,Blue,100
100109202032_Blue_Lane [4]_RackIndex[8]_Date_01_10_2020_ 1184,Blue,100
100109202032_White_Lane [1]_RackIndex[8]_Date_01_10_2020_ 0639,White,99.9999
100109202032_White_Lane [1]_RackIndex[8]_Date_01_10_2020_ 0735,White,99.9999
100109202032_White_Lane [1]_RackIndex[8]_Date_01_10_2020_ 0831,White,100
100109202032_White_Lane [1]_RackIndex[8]_Date_01_10_2020_ 0927,White,100
100109202032_White_Lane [3]_RackIndex[2]_Date_01_10_2020_ 1299,White,99.9999
100109202032_White_Lane [4]_RackIndex[8]_Date_01_10_2020_ 0991,White,100
100109202032_White_Lane [4]_RackIndex[8]_Date_01_10_2020_ 1087,White,100
100109202032_White_Lane [4]_RackIndex[8]_Date_01_10_2020_ 1183,White,100
100109202033_Blue_Lane [1]_RackIndex[9]_Date_01_10_2020_ 0642,Blue,100
100109202033_Blue_Lane [1]_RackIndex[9]_Date_01_10_2020_ 0738,Blue,100
100109202033_Blue_Lane [1]_RackIndex[9]_Date_01_10_2020_ 0834,Blue,100
100109202033_Blue_Lane [1]_RackIndex[9]_Date_01_10_2020_ 0930,Blue,100
100109202033_Blue_Lane [2]_RackIndex[15]_Date_01_10_2020_ 1294,Blue,100
100109202033_Blue_Lane [3]_RackIndex[1]_Date_01_09_2020_ 0594,Blue,100
100109202033_Blue_Lane [4]_RackIndex[9]_Date_01_10_2020_ 0994,Blue,100
100109202033_Blue_Lane [4]_RackIndex[9]_Date_01_10_2020_ 1090,Blue,100
100109202033_Blue_Lane [4]_RackIndex[9]_Date_01_10_2020_ 1186,Blue,100
100109202033_Blue_Lane [6]_RackIndex[14]_Date_01_23_2020_ 1644,Blue,100
100109202033_White_Lane [1]_RackIndex[9]_Date_01_10_2020_ 0641,White,99.9997
100109202033_White_Lane [1]_RackIndex[9]_Date_01_10_2020_ 0737,White,99.9997
100109202033_White_Lane [1]_RackIndex[9]_Date_01_10_2020_ 0833,White,99.9997
100109202033_White_Lane [1]_RackIndex[9]_Date_01_10_2020_ 0929,White,99.9997
100109202033_White_Lane [2]_RackIndex[15]_Date_01_10_2020_ 1293,White,99.9998
100109202033_White_Lane [3]_RackIndex[1]_Date_01_09_2020_ 0593,White,99.9998
100109202033_White_Lane [4]_RackIndex[9]_Date_01_10_2020_ 0993,White,99.9998
100109202033_White_Lane [4]_RackIndex[9]_Date_01_10_2020_ 1089,White,99.9998
100109202033_White_Lane [4]_RackIndex[9]_Date_01_10_2020_ 1185,White,99.9997
100109202033_White_Lane [6]_RackIndex[14]_Date_01_23_2020_ 1643,White,99.9998
100109202034_Blue_Lane [1]_RackIndex[10]_Date_01_10_2020_ 0644,Blue,100
100109202034_Blue_Lane [1]_RackIndex[10]_Date_01_10_2020_ 0740,Blue,100
100109202034_Blue_Lane [1]_RackIndex[10]_Date_01_10_2020_ 0836,Blue,100
100109202034_Blue_Lane [1]_RackIndex[10]_Date_01_10_2020_ 0932,Blue,100
100109202034_Blue_Lane [3]_RackIndex[2]_Date_01_09_2020_ 0596,Blue,100
100109202034_Blue_Lane [4]_RackIndex[10]_Date_01_10_2020_ 0996,Blue,100
100109202034_Blue_Lane [4]_RackIndex[10]_Date_01_10_2020_ 1092,Blue,100
100109202034_Blue_Lane [4]_RackIndex[10]_Date_01_10_2020_ 1188,Blue,100
100109202034_White_Lane [1]_RackIndex[10]_Date_01_10_2020_ 0643,White,100
100109202034_White_Lane [1]_RackIndex[10]_Date_01_10_2020_ 0739,White,100
100109202034_White_Lane [1]_RackIndex[10]_Date_01_10_2020_ 0835,White,100
100109202034_White_Lane [1]_RackIndex[10]_Date_01_10_2020_ 0931,White,100
100109202034_White_Lane [3]_RackIndex[2]_Date_01_09_2020_ 0595,White,100
100109202034_White_Lane [4]_RackIndex[10]_Date_01_10_2020_ 0995,White,100
100109202034_White_Lane [4]_RackIndex[10]_Date_01_10_2020_ 1091,White,100
100109202034_White_Lane [4]_RackIndex[10]_Date_01_10_2020_ 1187,White,100
100109202035_Blue_Lane [1]_RackIndex[11]_Date_01_10_2020_ 0646,Blue,100
100109202035_Blue_Lane [1]_RackIndex[11]_Date_01_10_2020_ 0742,Blue,100
100109202035_Blue_Lane [1]_RackIndex[11]_Date_01_10_2020_ 0838,Blue,100
100109202035_Blue_Lane [1]_RackIndex[11]_Date_01_10_2020_ 0934,Blue,100
100109202035_Blue_Lane [2]_RackIndex[9]_Date_01_10_2020_ 1282,Blue,100
100109202035_Blue_Lane [4]_RackIndex[11]_Date_01_10_2020_ 0998,Blue,100
100109202035_Blue_Lane [4]_RackIndex[11]_Date_01_10_2020_ 1094,Blue,100
100109202035_Blue_Lane [4]_RackIndex[11]_Date_01_10_2020_ 1190,Blue,100
100109202035_White_Lane [1]_RackIndex[11]_Date_01_10_2020_ 0645,White,100
100109202035_White_Lane [1]_RackIndex[11]_Date_01_10_2020_ 0741,White,100
100109202035_White_Lane [1]_RackIndex[11]_Date_01_10_2020_ 0837,White,100
100109202035_White_Lane [1]_RackIndex[11]_Date_01_10_2020_ 0933,White,99.9999
100109202035_White_Lane [2]_RackIndex[9]_Date_01_10_2020_ 1281,White,100
100109202035_White_Lane [4]_RackIndex[11]_Date_01_10_2020_ 0997,White,100
100109202035_White_Lane [4]_RackIndex[11]_Date_01_10_2020_ 1093,White,100
100109202035_White_Lane [4]_RackIndex[11]_Date_01_10_2020_ 1189,White,99.9999
100109202036_Blue_Lane [1]_RackIndex[12]_Date_01_10_2020_ 0648,Blue,100
100109202036_Blue_Lane [1]_RackIndex[12]_Date_01_10_2020_ 0744,Blue,100
100109202036_Blue_Lane [1]_RackIndex[12]_Date_01_10_2020_ 0840,Blue,100
100109202036_Blue_Lane [1]_RackIndex[12]_Date_01_10_2020_ 0936,Blue,100
100109202036_Blue_Lane [2]_RackIndex[2]_Date_01_10_2020_ 1268,Blue,100
100109202036_Blue_Lane [4]_RackIndex[12]_Date_01_10_2020_ 1000,Blue,100
100109202036_Blue_Lane [4]_RackIndex[12]_Date_01_10_2020_ 1096,Blue,100
100109202036_Blue_Lane [4]_RackIndex[12]_Date_01_10_2020_ 1192,Blue,100
100109202036_White_Lane [1]_RackIndex[12]_Date_01_10_2020_ 0647,White,99.9996
100109202036_White_Lane [1]_RackIndex[12]_Date_01_10_2020_ 0743,White,99.9996
100109202036_White_Lane [1]_RackIndex[12]_Date_01_10_2020_ 0839,White,99.9996
100109202036_White_Lane [1]_RackIndex[12]_Date_01_10_2020_ 0935,White,99.9996
100109202036_White_Lane [2]_RackIndex[2]_Date_01_10_2020_ 1267,White,99.9996
100109202036_White_Lane [4]_RackIndex[12]_Date_01_10_2020_ 0999,White,99.9996
100109202036_White_Lane [4]_RackIndex[12]_Date_01_10_2020_ 1095,White,99.9996
100109202036_White_Lane [4]_RackIndex[12]_Date_01_10_2020_ 1191,White,99.9996
100109202037_Blue_Lane [1]_RackIndex[13]_Date_01_10_2020_ 0650,Blue,100
100109202037_Blue_Lane [1]_RackIndex[13]_Date_01_10_2020_ 0746,Blue,100
100109202037_Blue_Lane [1]_RackIndex[13]_Date_01_10_2020_ 0842,Blue,100
100109202037_Blue_Lane [1]_RackIndex[13]_Date_01_10_2020_ 0938,Blue,100
100109202037_Blue_Lane [3]_RackIndex[3]_Date_01_10_2020_ 1302,Blue,100
100109202037_Blue_Lane [4]_RackIndex[13]_Date_01_10_2020_ 1002,Blue,100
100109202037_Blue_Lane [4]_RackIndex[13]_Date_01_10_2020_ 1098,Blue,100
100109202037_Blue_Lane [4]_RackIndex[13]_Date_01_10_2020_ 1194,Blue,100
100109202037_Blue_Lane [6]_RackIndex[7]_Date_01_23_2020_ 1630,Blue,100
100109202037_White_Lane [1]_RackIndex[13]_Date_01_10_2020_ 0649,White,99.9999
100109202037_White_Lane [1]_RackIndex[13]_Date_01_10_2020_ 0745,White,99.9999
100109202037_White_Lane [1]_RackIndex[13]_Date_01_10_2020_ 0841,White,99.9999
100109202037_White_Lane [1]_RackIndex[13]_Date_01_10_2020_ 0937,White,99.9999
100109202037_White_Lane [3]_RackIndex[3]_Date_01_10_2020_ 1301,White,99.9998
100109202037_White_Lane [4]_RackIndex[13]_Date_01_10_2020_ 1001,White,99.9999
100109202037_White_Lane [4]_RackIndex[13]_Date_01_10_2020_ 1097,White,99.9999
100109202037_White_Lane [4]_RackIndex[13]_Date_01_10_2020_ 1193,White,99.9999
100109202037_White_Lane [6]_RackIndex[7]_Date_01_23_2020_ 1629,White,99.9999
100109202038_Blue_Lane [1]_RackIndex[14]_Date_01_10_2020_ 0652,Blue,99.9997
100109202038_Blue_Lane [1]_RackIndex[14]_Date_01_10_2020_ 0748,Blue,99.9997
100109202038_Blue_Lane [1]_RackIndex[14]_Date_01_10_2020_ 0844,Blue,99.9997
100109202038_Blue_Lane [1]_RackIndex[14]_Date_01_10_2020_ 0940,Blue,99.9997
100109202038_Blue_Lane [3]_RackIndex[1]_Date_01_10_2020_ 1298,Blue,99.9997
100109202038_Blue_Lane [4]_RackIndex[14]_Date_01_10_2020_ 1004,Blue,99.9997
100109202038_Blue_Lane [4]_RackIndex[14]_Date_01_10_2020_ 1100,Blue,99.9997
100109202038_Blue_Lane [4]_RackIndex[14]_Date_01_10_2020_ 1196,Blue,99.9997
100109202038_White_Lane [1]_RackIndex[14]_Date_01_10_2020_ 0651,White,99.9995
100109202038_White_Lane [1]_RackIndex[14]_Date_01_10_2020_ 0747,White,99.9993
100109202038_White_Lane [1]_RackIndex[14]_Date_01_10_2020_ 0843,White,99.9992
100109202038_White_Lane [1]_RackIndex[14]_Date_01_10_2020_ 0939,White,99.9993
100109202038_White_Lane [3]_RackIndex[1]_Date_01_10_2020_ 1297,White,99.9994
100109202038_White_Lane [4]_RackIndex[14]_Date_01_10_2020_ 1003,White,99.9992
100109202038_White_Lane [4]_RackIndex[14]_Date_01_10_2020_ 1099,White,99.9992
100109202038_White_Lane [4]_RackIndex[14]_Date_01_10_2020_ 1195,White,99.9991
100109202039_Blue_Lane [1]_RackIndex[15]_Date_01_10_2020_ 0654,Blue,100
100109202039_Blue_Lane [1]_RackIndex[15]_Date_01_10_2020_ 0750,Blue,100
100109202039_Blue_Lane [1]_RackIndex[15]_Date_01_10_2020_ 0846,Blue,100
100109202039_Blue_Lane [1]_RackIndex[15]_Date_01_10_2020_ 0942,Blue,100
100109202039_Blue_Lane [2]_RackIndex[10]_Date_01_10_2020_ 1284,Blue,100
100109202039_Blue_Lane [4]_RackIndex[15]_Date_01_10_2020_ 1006,Blue,100
100109202039_Blue_Lane [4]_RackIndex[15]_Date_01_10_2020_ 1102,Blue,100
100109202039_Blue_Lane [4]_RackIndex[15]_Date_01_10_2020_ 1198,Blue,100
100109202039_White_Lane [1]_RackIndex[15]_Date_01_10_2020_ 0653,White,100
100109202039_White_Lane [1]_RackIndex[15]_Date_01_10_2020_ 0749,White,100
100109202039_White_Lane [1]_RackIndex[15]_Date_01_10_2020_ 0845,White,100
100109202039_White_Lane [1]_RackIndex[15]_Date_01_10_2020_ 0941,White,100
100109202039_White_Lane [2]_RackIndex[10]_Date_01_10_2020_ 1283,White,100
100109202039_White_Lane [4]_RackIndex[15]_Date_01_10_2020_ 1005,White,100
100109202039_White_Lane [4]_RackIndex[15]_Date_01_10_2020_ 1101,White,100
100109202039_White_Lane [4]_RackIndex[15]_Date_01_10_2020_ 1197,White,100
100109202040_Blue_Lane [1]_RackIndex[16]_Date_01_10_2020_ 0656,Blue,100
100109202040_Blue_Lane [1]_RackIndex[16]_Date_01_10_2020_ 0752,Blue,100
100109202040_Blue_Lane [1]_RackIndex[16]_Date_01_10_2020_ 0848,Blue,100
100109202040_Blue_Lane [1]_RackIndex[16]_Date_01_10_2020_ 0944,Blue,100
100109202040_Blue_Lane [2]_RackIndex[1]_Date_01_10_2020_ 1266,Blue,100
100109202040_Blue_Lane [4]_RackIndex[16]_Date_01_10_2020_ 1008,Blue,100
100109202040_Blue_Lane [4]_RackIndex[16]_Date_01_10_2020_ 1104,Blue,100
100109202040_Blue_Lane [4]_RackIndex[16]_Date_01_10_2020_ 1200,Blue,100
100109202040_White_Lane [1]_RackIndex[16]_Date_01_10_2020_ 0655,White,100
100109202040_White_Lane [1]_RackIndex[16]_Date_01_10_2020_ 0751,White,100
100109202040_White_Lane [1]_RackIndex[16]_Date_01_10_2020_ 0847,White,100
100109202040_White_Lane [1]_RackIndex[16]_Date_01_10_2020_ 0943,White,100
100109202040_White_Lane [2]_RackIndex[1]_Date_01_10_2020_ 1265,White,100
100109202040_White_Lane [4]_RackIndex[16]_Date_01_10_2020_ 1007,White,100
100109202040_White_Lane [4]_RackIndex[16]_Date_01_10_2020_ 1103,White,100
100109202040_White_Lane [4]_RackIndex[16]_Date_01_10_2020_ 1199,White,100
100109202041_Blue_Lane [1]_RackIndex[6]_Date_01_10_2020_ 1244,Blue,100
100109202041_Blue_Lane [2]_RackIndex[1]_Date_01_10_2020_ 0658,Blue,100
100109202041_Blue_Lane [2]_RackIndex[1]_Date_01_10_2020_ 0754,Blue,100
100109202041_Blue_Lane [2]_RackIndex[1]_Date_01_10_2020_ 0850,Blue,100
100109202041_Blue_Lane [3]_RackIndex[1]_Date_01_10_2020_ 0946,Blue,100
100109202041_Blue_Lane [3]_RackIndex[1]_Date_01_10_2020_ 1042,Blue,100
100109202041_Blue_Lane [3]_RackIndex[1]_Date_01_10_2020_ 1138,Blue,100
100109202041_White_Lane [1]_RackIndex[6]_Date_01_10_2020_ 1243,White,100
100109202041_White_Lane [2]_RackIndex[1]_Date_01_10_2020_ 0657,White,100
100109202041_White_Lane [2]_RackIndex[1]_Date_01_10_2020_ 0753,White,100
100109202041_White_Lane [2]_RackIndex[1]_Date_01_10_2020_ 0849,White,100
100109202041_White_Lane [3]_RackIndex[1]_Date_01_10_2020_ 0945,White,100
100109202041_White_Lane [3]_RackIndex[1]_Date_01_10_2020_ 1041,White,100
100109202041_White_Lane [3]_RackIndex[1]_Date_01_10_2020_ 1137,White,100
100109202042_Blue_Lane [2]_RackIndex[2]_Date_01_10_2020_ 0660,Blue,100
100109202042_Blue_Lane [2]_RackIndex[2]_Date_01_10_2020_ 0756,Blue,100
100109202042_Blue_Lane [2]_RackIndex[2]_Date_01_10_2020_ 0852,Blue,100
100109202042_Blue_Lane [2]_RackIndex[6]_Date_01_10_2020_ 1276,Blue,100
100109202042_Blue_Lane [3]_RackIndex[2]_Date_01_10_2020_ 0948,Blue,99.9999
100109202042_Blue_Lane [3]_RackIndex[2]_Date_01_10_2020_ 1044,Blue,99.9999
100109202042_Blue_Lane [3]_RackIndex[2]_Date_01_10_2020_ 1140,Blue,99.9999
100109202042_White_Lane [2]_RackIndex[2]_Date_01_10_2020_ 0659,White,99.9998
100109202042_White_Lane [2]_RackIndex[2]_Date_01_10_2020_ 0755,White,99.9998
100109202042_White_Lane [2]_RackIndex[2]_Date_01_10_2020_ 0851,White,99.9998
100109202042_White_Lane [2]_RackIndex[6]_Date_01_10_2020_ 1275,White,99.9998
100109202042_White_Lane [3]_RackIndex[2]_Date_01_10_2020_ 0947,White,99.9998
100109202042_White_Lane [3]_RackIndex[2]_Date_01_10_2020_ 1043,White,99.9998
100109202042_White_Lane [3]_RackIndex[2]_Date_01_10_2020_ 1139,White,99.9998
100109202043_Blue_Lane [2]_RackIndex[3]_Date_01_10_2020_ 0662,Blue,100
100109202043_Blue_Lane [2]_RackIndex[3]_Date_01_10_2020_ 0758,Blue,100
100109202043_Blue_Lane [2]_RackIndex[3]_Date_01_10_2020_ 0854,Blue,100
100109202043_Blue_Lane [2]_RackIndex[11]_Date_01_10_2020_ 1286,Blue,100
100109202043_Blue_Lane [3]_RackIndex[3]_Date_01_10_2020_ 0950,Blue,100
100109202043_Blue_Lane [3]_RackIndex[3]_Date_01_10_2020_ 1046,Blue,100
100109202043_Blue_Lane [3]_RackIndex[3]_Date_01_10_2020_ 1142,Blue,100
100109202043_White_Lane [2]_RackIndex[3]_Date_01_10_2020_ 0661,White,99.9997
100109202043_White_Lane [2]_RackIndex[3]_Date_01_10_2020_ 0757,White,99.9997
100109202043_White_Lane [2]_RackIndex[3]_Date_01_10_2020_ 0853,White,99.9997
100109202043_White_Lane [2]_RackIndex[11]_Date_01_10_2020_ 1285,White,99.9998
100109202043_White_Lane [3]_RackIndex[3]_Date_01_10_2020_ 0949,White,99.9997
100109202043_White_Lane [3]_RackIndex[3]_Date_01_10_2020_ 1045,White,99.9997
100109202043_White_Lane [3]_RackIndex[3]_Date_01_10_2020_ 1141,White,99.9997
100109202044_Blue_Lane [2]_RackIndex[4]_Date_01_10_2020_ 0664,Blue,100
100109202044_Blue_Lane [2]_RackIndex[4]_Date_01_10_2020_ 0760,Blue,100
100109202044_Blue_Lane [2]_RackIndex[4]_Date_01_10_2020_ 0856,Blue,100
100109202044_Blue_Lane [2]_RackIndex[16]_Date_01_10_2020_ 1296,Blue,100
100109202044_Blue_Lane [3]_RackIndex[4]_Date_01_10_2020_ 0952,Blue,100
100109202044_Blue_Lane [3]_RackIndex[4]_Date_01_10_2020_ 1048,Blue,100
100109202044_Blue_Lane [3]_RackIndex[4]_Date_01_10_2020_ 1144,Blue,100
100109202044_White_Lane [2]_RackIndex[4]_Date_01_10_2020_ 0663,White,99.9998
100109202044_White_Lane [2]_RackIndex[4]_Date_01_10_2020_ 0759,White,99.9998
100109202044_White_Lane [2]_RackIndex[4]_Date_01_10_2020_ 0855,White,99.9998
100109202044_White_Lane [2]_RackIndex[16]_Date_01_10_2020_ 1295,White,99.9999
100109202044_White_Lane [3]_RackIndex[4]_Date_01_10_2020_ 0951,White,99.9998
100109202044_White_Lane [3]_RackIndex[4]_Date_01_10_2020_ 1047,White,99.9998
100109202044_White_Lane [3]_RackIndex[4]_Date_01_10_2020_ 1143,White,99.9998
100109202045_Blue_Lane [1]_RackIndex[12]_Date_01_10_2020_ 1256,Blue,100
100109202045_Blue_Lane [2]_RackIndex[5]_Date_01_10_2020_ 0666,Blue,100
100109202045_Blue_Lane [2]_RackIndex[5]_Date_01_10_2020_ 0762,Blue,100
100109202045_Blue_Lane [2]_RackIndex[5]_Date_01_10_2020_ 0858,Blue,100
100109202045_Blue_Lane [3]_RackIndex[5]_Date_01_10_2020_ 0954,Blue,100
100109202045_Blue_Lane [3]_RackIndex[5]_Date_01_10_2020_ 1050,Blue,100
100109202045_Blue_Lane [3]_RackIndex[5]_Date_01_10_2020_ 1146,Blue,100
100109202045_White_Lane [1]_RackIndex[12]_Date_01_10_2020_ 1255,White,99.9999
100109202045_White_Lane [2]_RackIndex[5]_Date_01_10_2020_ 0665,White,99.9999
100109202045_White_Lane [2]_RackIndex[5]_Date_01_10_2020_ 0761,White,99.9999
100109202045_White_Lane [2]_RackIndex[5]_Date_01_10_2020_ 0857,White,99.9999
100109202045_White_Lane [3]_RackIndex[5]_Date_01_10_2020_ 0953,White,100
100109202045_White_Lane [3]_RackIndex[5]_Date_01_10_2020_ 1049,White,100
100109202045_White_Lane [3]_RackIndex[5]_Date_01_10_2020_ 1145,White,100
100109202046_Blue_Lane [1]_RackIndex[15]_Date_01_10_2020_ 1262,Blue,100
100109202046_Blue_Lane [2]_RackIndex[6]_Date_01_10_2020_ 0668,Blue,100
100109202046_Blue_Lane [2]_RackIndex[6]_Date_01_10_2020_ 0764,Blue,100
100109202046_Blue_Lane [2]_RackIndex[6]_Date_01_10_2020_ 0860,Blue,100
100109202046_Blue_Lane [3]_RackIndex[6]_Date_01_10_2020_ 0956,Blue,100
100109202046_Blue_Lane [3]_RackIndex[6]_Date_01_10_2020_ 1052,Blue,100
100109202046_Blue_Lane [3]_RackIndex[6]_Date_01_10_2020_ 1148,Blue,100
100109202046_White_Lane [1]_RackIndex[15]_Date_01_10_2020_ 1261,White,100
100109202046_White_Lane [2]_RackIndex[6]_Date_01_10_2020_ 0667,White,100
100109202046_White_Lane [2]_RackIndex[6]_Date_01_10_2020_ 0763,White,100
100109202046_White_Lane [2]_RackIndex[6]_Date_01_10_2020_ 0859,White,100
100109202046_White_Lane [3]_RackIndex[6]_Date_01_10_2020_ 0955,White,100
100109202046_White_Lane [3]_RackIndex[6]_Date_01_10_2020_ 1051,White,100
100109202046_White_Lane [3]_RackIndex[6]_Date_01_10_2020_ 1147,White,100
100109202047_Blue_Lane [2]_RackIndex[7]_Date_01_10_2020_ 0670,Blue,100
100109202047_Blue_Lane [2]_RackIndex[7]_Date_01_10_2020_ 0766,Blue,100
100109202047_Blue_Lane [2]_RackIndex[7]_Date_01_10_2020_ 0862,Blue,100
100109202047_Blue_Lane [2]_RackIndex[7]_Date_01_10_2020_ 1278,Blue,100
100109202047_Blue_Lane [3]_RackIndex[7]_Date_01_10_2020_ 0958,Blue,100
100109202047_Blue_Lane [3]_RackIndex[7]_Date_01_10_2020_ 1054,Blue,100
100109202047_Blue_Lane [3]_RackIndex[7]_Date_01_10_2020_ 1150,Blue,100
100109202047_White_Lane [2]_RackIndex[7]_Date_01_10_2020_ 0669,White,99.9999
100109202047_White_Lane [2]_RackIndex[7]_Date_01_10_2020_ 0765,White,99.9999
100109202047_White_Lane [2]_RackIndex[7]_Date_01_10_2020_ 0861,White,99.9999
100109202047_White_Lane [2]_RackIndex[7]_Date_01_10_2020_ 1277,White,99.9999
100109202047_White_Lane [3]_RackIndex[7]_Date_01_10_2020_ 0957,White,99.9999
100109202047_White_Lane [3]_RackIndex[7]_Date_01_10_2020_ 1053,White,99.9999
100109202047_White_Lane [3]_RackIndex[7]_Date_01_10_2020_ 1149,White,99.9999
100109202048_Blue_Lane [1]_RackIndex[10]_Date_01_10_2020_ 1252,Blue,100
100109202048_Blue_Lane [2]_RackIndex[8]_Date_01_10_2020_ 0672,Blue,100
100109202048_Blue_Lane [2]_RackIndex[8]_Date_01_10_2020_ 0768,Blue,100
100109202048_Blue_Lane [2]_RackIndex[8]_Date_01_10_2020_ 0864,Blue,100
100109202048_Blue_Lane [3]_RackIndex[8]_Date_01_10_2020_ 0960,Blue,100
100109202048_Blue_Lane [3]_RackIndex[8]_Date_01_10_2020_ 1056,Blue,100
100109202048_Blue_Lane [3]_RackIndex[8]_Date_01_10_2020_ 1152,Blue,100
100109202048_White_Lane [1]_RackIndex[10]_Date_01_10_2020_ 1251,White,100
100109202048_White_Lane [2]_RackIndex[8]_Date_01_10_2020_ 0671,White,100
100109202048_White_Lane [2]_RackIndex[8]_Date_01_10_2020_ 0767,White,100
100109202048_White_Lane [2]_RackIndex[8]_Date_01_10_2020_ 0863,White,100
100109202048_White_Lane [3]_RackIndex[8]_Date_01_10_2020_ 0959,White,100
100109202048_White_Lane [3]_RackIndex[8]_Date_01_10_2020_ 1055,White,100
100109202048_White_Lane [3]_RackIndex[8]_Date_01_10_2020_ 1151,White,100
100109202049_Blue_Lane [1]_RackIndex[2]_Date_01_10_2020_ 1236,Blue,99.9999
100109202049_Blue_Lane [2]_RackIndex[9]_Date_01_10_2020_ 0674,Blue,99.9999
100109202049_Blue_Lane [2]_RackIndex[9]_Date_01_10_2020_ 0770,Blue,99.9999
100109202049_Blue_Lane [2]_RackIndex[9]_Date_01_10_2020_ 0866,Blue,99.9999
100109202049_Blue_Lane [3]_RackIndex[9]_Date_01_10_2020_ 1058,Blue,99.9998
100109202049_Blue_Lane [3]_RackIndex[9]_Date_01_10_2020_ 1154,Blue,99.9998
100109202049_White_Lane [1]_RackIndex[2]_Date_01_10_2020_ 1235,White,99.9999
100109202049_White_Lane [2]_RackIndex[9]_Date_01_10_2020_ 0673,White,99.9999
100109202049_White_Lane [2]_RackIndex[9]_Date_01_10_2020_ 0769,White,99.9999
100109202049_White_Lane [2]_RackIndex[9]_Date_01_10_2020_ 0865,White,99.9999
100109202049_White_Lane [3]_RackIndex[9]_Date_01_10_2020_ 1057,White,99.9999
100109202049_White_Lane [3]_RackIndex[9]_Date_01_10_2020_ 1153,White,99.9999
100109202050_Blue_Lane [1]_RackIndex[9]_Date_01_10_2020_ 1250,Blue,100
100109202050_Blue_Lane [2]_RackIndex[10]_Date_01_10_2020_ 0676,Blue,100
100109202050_Blue_Lane [2]_RackIndex[10]_Date_01_10_2020_ 0772,Blue,100
100109202050_Blue_Lane [2]_RackIndex[10]_Date_01_10_2020_ 0868,Blue,100
100109202050_Blue_Lane [3]_RackIndex[10]_Date_01_10_2020_ 0964,Blue,100
100109202050_Blue_Lane [3]_RackIndex[10]_Date_01_10_2020_ 1060,Blue,100
100109202050_Blue_Lane [3]_RackIndex[10]_Date_01_10_2020_ 1156,Blue,100
100109202050_White_Lane [1]_RackIndex[9]_Date_01_10_2020_ 1249,White,99.9999
100109202050_White_Lane [2]_RackIndex[10]_Date_01_10_2020_ 0675,White,99.9999
100109202050_White_Lane [2]_RackIndex[10]_Date_01_10_2020_ 0771,White,99.9999
100109202050_White_Lane [2]_RackIndex[10]_Date_01_10_2020_ 0867,White,99.9999
100109202050_White_Lane [3]_RackIndex[10]_Date_01_10_2020_ 0963,White,99.9999
100109202050_White_Lane [3]_RackIndex[10]_Date_01_10_2020_ 1059,White,99.9999
100109202050_White_Lane [3]_RackIndex[10]_Date_01_10_2020_ 1155,White,99.9999
100109202051_Blue_Lane [1]_RackIndex[16]_Date_01_10_2020_ 1264,Blue,100
100109202051_Blue_Lane [2]_RackIndex[11]_Date_01_10_2020_ 0678,Blue,100
100109202051_Blue_Lane [2]_RackIndex[11]_Date_01_10_2020_ 0774,Blue,100
100109202051_Blue_Lane [2]_RackIndex[11]_Date_01_10_2020_ 0870,Blue,100
100109202051_Blue_Lane [3]_RackIndex[11]_Date_01_10_2020_ 0966,Blue,100
100109202051_Blue_Lane [3]_RackIndex[11]_Date_01_10_2020_ 1062,Blue,100
100109202051_Blue_Lane [3]_RackIndex[11]_Date_01_10_2020_ 1158,Blue,100
100109202051_White_Lane [1]_RackIndex[16]_Date_01_10_2020_ 1263,White,100
100109202051_White_Lane [2]_RackIndex[11]_Date_01_10_2020_ 0677,White,100
100109202051_White_Lane [2]_RackIndex[11]_Date_01_10_2020_ 0773,White,100
100109202051_White_Lane [2]_RackIndex[11]_Date_01_10_2020_ 0869,White,100
100109202051_White_Lane [3]_RackIndex[11]_Date_01_10_2020_ 0965,White,100
100109202051_White_Lane [3]_RackIndex[11]_Date_01_10_2020_ 1061,White,100
100109202051_White_Lane [3]_RackIndex[11]_Date_01_10_2020_ 1157,White,100
100109202052_Blue_Lane [2]_RackIndex[4]_Date_01_10_2020_ 1272,Blue,100
100109202052_Blue_Lane [2]_RackIndex[12]_Date_01_10_2020_ 0680,Blue,100
100109202052_Blue_Lane [2]_RackIndex[12]_Date_01_10_2020_ 0776,Blue,100
100109202052_Blue_Lane [2]_RackIndex[12]_Date_01_10_2020_ 0872,Blue,100
100109202052_Blue_Lane [3]_RackIndex[12]_Date_01_10_2020_ 0968,Blue,100
100109202052_Blue_Lane [3]_RackIndex[12]_Date_01_10_2020_ 1064,Blue,100
100109202052_Blue_Lane [3]_RackIndex[12]_Date_01_10_2020_ 1160,Blue,100
100109202052_White_Lane [2]_RackIndex[4]_Date_01_10_2020_ 1271,White,99.9999
100109202052_White_Lane [2]_RackIndex[12]_Date_01_10_2020_ 0679,White,99.9999
100109202052_White_Lane [2]_RackIndex[12]_Date_01_10_2020_ 0775,White,99.9999
100109202052_White_Lane [2]_RackIndex[12]_Date_01_10_2020_ 0871,White,99.9999
100109202052_White_Lane [3]_RackIndex[12]_Date_01_10_2020_ 0967,White,99.9999
100109202052_White_Lane [3]_RackIndex[12]_Date_01_10_2020_ 1063,White,99.9999
100109202052_White_Lane [3]_RackIndex[12]_Date_01_10_2020_ 1159,White,99.9999
100109202053_Blue_Lane [1]_RackIndex[3]_Date_01_10_2020_ 1238,Blue,100
100109202053_Blue_Lane [2]_RackIndex[13]_Date_01_10_2020_ 0682,Blue,100
100109202053_Blue_Lane [2]_RackIndex[13]_Date_01_10_2020_ 0778,Blue,100
100109202053_Blue_Lane [2]_RackIndex[13]_Date_01_10_2020_ 0874,Blue,100
100109202053_Blue_Lane [3]_RackIndex[13]_Date_01_10_2020_ 0970,Blue,100
100109202053_Blue_Lane [3]_RackIndex[13]_Date_01_10_2020_ 1066,Blue,100
100109202053_Blue_Lane [3]_RackIndex[13]_Date_01_10_2020_ 1162,Blue,100
100109202053_White_Lane [1]_RackIndex[3]_Date_01_10_2020_ 1237,White,100
100109202053_White_Lane [2]_RackIndex[13]_Date_01_10_2020_ 0681,White,100
100109202053_White_Lane [2]_RackIndex[13]_Date_01_10_2020_ 0777,White,100
100109202053_White_Lane [2]_RackIndex[13]_Date_01_10_2020_ 0873,White,100
100109202053_White_Lane [3]_RackIndex[13]_Date_01_10_2020_ 0969,White,100
100109202053_White_Lane [3]_RackIndex[13]_Date_01_10_2020_ 1065,White,100
100109202053_White_Lane [3]_RackIndex[13]_Date_01_10_2020_ 1161,White,100
100109202054_Blue_Lane [1]_RackIndex[13]_Date_01_10_2020_ 1258,Blue,100
100109202054_Blue_Lane [2]_RackIndex[14]_Date_01_10_2020_ 0684,Blue,100
100109202054_Blue_Lane [2]_RackIndex[14]_Date_01_10_2020_ 0780,Blue,100
100109202054_Blue_Lane [2]_RackIndex[14]_Date_01_10_2020_ 0876,Blue,100
100109202054_Blue_Lane [3]_RackIndex[14]_Date_01_10_2020_ 0972,Blue,100
100109202054_Blue_Lane [3]_RackIndex[14]_Date_01_10_2020_ 1068,Blue,100
100109202054_Blue_Lane [3]_RackIndex[14]_Date_01_10_2020_ 1164,Blue,100
100109202054_White_Lane [1]_RackIndex[13]_Date_01_10_2020_ 1257,White,99.9999
100109202054_White_Lane [2]_RackIndex[14]_Date_01_10_2020_ 0683,White,99.9999
100109202054_White_Lane [2]_RackIndex[14]_Date_01_10_2020_ 0779,White,99.9999
100109202054_White_Lane [2]_RackIndex[14]_Date_01_10_2020_ 0875,White,99.9999
100109202054_White_Lane [3]_RackIndex[14]_Date_01_10_2020_ 0971,White,99.9999
100109202054_White_Lane [3]_RackIndex[14]_Date_01_10_2020_ 1067,White,99.9999
100109202054_White_Lane [3]_RackIndex[14]_Date_01_10_2020_ 1163,White,99.9999
100109202055_Blue_Lane [2]_RackIndex[5]_Date_01_10_2020_ 1274,Blue,100
100109202055_Blue_Lane [2]_RackIndex[15]_Date_01_10_2020_ 0686,Blue,100
100109202055_Blue_Lane [2]_RackIndex[15]_Date_01_10_2020_ 0782,Blue,100
100109202055_Blue_Lane [2]_RackIndex[15]_Date_01_10_2020_ 0878,Blue,100
100109202055_Blue_Lane [3]_RackIndex[15]_Date_01_10_2020_ 0974,Blue,100
100109202055_Blue_Lane [3]_RackIndex[15]_Date_01_10_2020_ 1070,Blue,100
100109202055_Blue_Lane [3]_RackIndex[15]_Date_01_10_2020_ 1166,Blue,100
100109202055_White_Lane [2]_RackIndex[5]_Date_01_10_2020_ 1273,White,99.9999
100109202055_White_Lane [2]_RackIndex[15]_Date_01_10_2020_ 0685,White,99.9999
100109202055_White_Lane [2]_RackIndex[15]_Date_01_10_2020_ 0781,White,99.9999
100109202055_White_Lane [2]_RackIndex[15]_Date_01_10_2020_ 0877,White,99.9999
100109202055_White_Lane [3]_RackIndex[15]_Date_01_10_2020_ 0973,White,99.9999
100109202055_White_Lane [3]_RackIndex[15]_Date_01_10_2020_ 1069,White,99.9999
100109202055_White_Lane [3]_RackIndex[15]_Date_01_10_2020_ 1165,White,99.9999
100109202056_Blue_Lane [2]_RackIndex[3]_Date_01_10_2020_ 1270,Blue,100
100109202056_Blue_Lane [2]_RackIndex[16]_Date_01_10_2020_ 0688,Blue,100
100109202056_Blue_Lane [2]_RackIndex[16]_Date_01_10_2020_ 0784,Blue,100
100109202056_Blue_Lane [2]_RackIndex[16]_Date_01_10_2020_ 0880,Blue,100
100109202056_Blue_Lane [3]_RackIndex[16]_Date_01_10_2020_ 0976,Blue,100
100109202056_Blue_Lane [3]_RackIndex[16]_Date_01_10_2020_ 1072,Blue,100
100109202056_Blue_Lane [3]_RackIndex[16]_Date_01_10_2020_ 1168,Blue,100
100109202056_White_Lane [2]_RackIndex[3]_Date_01_10_2020_ 1269,White,100
100109202056_White_Lane [2]_RackIndex[16]_Date_01_10_2020_ 0687,White,99.9999
100109202056_White_Lane [2]_RackIndex[16]_Date_01_10_2020_ 0783,White,99.9999
100109202056_White_Lane [2]_RackIndex[16]_Date_01_10_2020_ 0879,White,99.9999
100109202056_White_Lane [3]_RackIndex[16]_Date_01_10_2020_ 0975,White,99.9999
100109202056_White_Lane [3]_RackIndex[16]_Date_01_10_2020_ 1071,White,99.9999
100109202056_White_Lane [3]_RackIndex[16]_Date_01_10_2020_ 1167,White,99.9999
100109202057_Blue_Lane [1]_RackIndex[8]_Date_01_10_2020_ 1248,Blue,99.9999
100109202057_Blue_Lane [3]_RackIndex[1]_Date_01_10_2020_ 0690,Blue,99.9998
100109202057_Blue_Lane [3]_RackIndex[1]_Date_01_10_2020_ 0786,Blue,99.9998
100109202057_Blue_Lane [3]_RackIndex[1]_Date_01_10_2020_ 0882,Blue,99.9998
100109202057_Blue_Lane [5]_RackIndex[1]_Date_01_10_2020_ 1010,Blue,99.9998
100109202057_Blue_Lane [5]_RackIndex[1]_Date_01_10_2020_ 1106,Blue,99.9998
100109202057_Blue_Lane [5]_RackIndex[1]_Date_01_10_2020_ 1202,Blue,99.9998
100109202057_White_Lane [1]_RackIndex[8]_Date_01_10_2020_ 1247,White,99.9997
100109202057_White_Lane [3]_RackIndex[1]_Date_01_10_2020_ 0689,White,99.9998
100109202057_White_Lane [3]_RackIndex[1]_Date_01_10_2020_ 0785,White,99.9998
100109202057_White_Lane [3]_RackIndex[1]_Date_01_10_2020_ 0881,White,99.9997
100109202057_White_Lane [5]_RackIndex[1]_Date_01_10_2020_ 1009,White,99.9997
100109202057_White_Lane [5]_RackIndex[1]_Date_01_10_2020_ 1105,White,99.9997
100109202057_White_Lane [5]_RackIndex[1]_Date_01_10_2020_ 1201,White,99.9998
100109202058_Blue_Lane [2]_RackIndex[8]_Date_01_10_2020_ 1280,Blue,100
100109202058_Blue_Lane [3]_RackIndex[2]_Date_01_10_2020_ 0692,Blue,100
100109202058_Blue_Lane [3]_RackIndex[2]_Date_01_10_2020_ 0788,Blue,100
100109202058_Blue_Lane [3]_RackIndex[2]_Date_01_10_2020_ 0884,Blue,100
100109202058_Blue_Lane [5]_RackIndex[2]_Date_01_10_2020_ 1012,Blue,100
100109202058_Blue_Lane [5]_RackIndex[2]_Date_01_10_2020_ 1108,Blue,100
100109202058_Blue_Lane [5]_RackIndex[2]_Date_01_10_2020_ 1204,Blue,100
100109202058_White_Lane [2]_RackIndex[8]_Date_01_10_2020_ 1279,White,100
100109202058_White_Lane [3]_RackIndex[2]_Date_01_10_2020_ 0691,White,99.9999
100109202058_White_Lane [3]_RackIndex[2]_Date_01_10_2020_ 0787,White,100
100109202058_White_Lane [3]_RackIndex[2]_Date_01_10_2020_ 0883,White,99.9999
100109202058_White_Lane [5]_RackIndex[2]_Date_01_10_2020_ 1011,White,99.9999
100109202058_White_Lane [5]_RackIndex[2]_Date_01_10_2020_ 1107,White,99.9999
100109202058_White_Lane [5]_RackIndex[2]_Date_01_10_2020_ 1203,White,99.9999
100109202059_Blue_Lane [1]_RackIndex[7]_Date_01_10_2020_ 1246,Blue,100
100109202059_Blue_Lane [3]_RackIndex[3]_Date_01_10_2020_ 0694,Blue,100
100109202059_Blue_Lane [3]_RackIndex[3]_Date_01_10_2020_ 0790,Blue,100
100109202059_Blue_Lane [3]_RackIndex[3]_Date_01_10_2020_ 0886,Blue,100
100109202059_Blue_Lane [5]_RackIndex[3]_Date_01_10_2020_ 1014,Blue,100
100109202059_Blue_Lane [5]_RackIndex[3]_Date_01_10_2020_ 1110,Blue,100
100109202059_Blue_Lane [5]_RackIndex[3]_Date_01_10_2020_ 1206,Blue,100
100109202059_White_Lane [1]_RackIndex[7]_Date_01_10_2020_ 1245,White,100
100109202059_White_Lane [3]_RackIndex[3]_Date_01_10_2020_ 0693,White,100
100109202059_White_Lane [3]_RackIndex[3]_Date_01_10_2020_ 0789,White,100
100109202059_White_Lane [3]_RackIndex[3]_Date_01_10_2020_ 0885,White,100
100109202059_White_Lane [5]_RackIndex[3]_Date_01_10_2020_ 1013,White,100
100109202059_White_Lane [5]_RackIndex[3]_Date_01_10_2020_ 1109,White,100
100109202059_White_Lane [5]_RackIndex[3]_Date_01_10_2020_ 1205,White,100
100114202001_Blue_Lane [1]_RackIndex[1]_Date_01_15_2020_ 1330,Blue,100
100114202001_Blue_Lane [1]_RackIndex[1]_Date_01_15_2020_ 1362,Blue,100
100114202001_Blue_Lane [1]_RackIndex[1]_Date_01_15_2020_ 1394,Blue,100
100114202001_Blue_Lane [1]_RackIndex[1]_Date_01_15_2020_ 1426,Blue,100
100114202001_Blue_Lane [6]_RackIndex[4]_Date_01_23_2020_ 1624,Blue,100
100114202001_White_Lane [1]_RackIndex[1]_Date_01_15_2020_ 1329,White,99.9995
100114202001_White_Lane [1]_RackIndex[1]_Date_01_15_2020_ 1361,White,99.9994
100114202001_White_Lane [1]_RackIndex[1]_Date_01_15_2020_ 1393,White,99.9995
100114202001_White_Lane [1]_RackIndex[1]_Date_01_15_2020_ 1425,White,99.9995
100114202001_White_Lane [6]_RackIndex[4]_Date_01_23_2020_ 1623,White,99.9995
100114202002_Blue_Lane [1]_RackIndex[2]_Date_01_15_2020_ 1332,Blue,100
100114202002_Blue_Lane [1]_RackIndex[2]_Date_01_15_2020_ 1364,Blue,100
100114202002_Blue_Lane [1]_RackIndex[2]_Date_01_15_2020_ 1396,Blue,100
100114202002_Blue_Lane [1]_RackIndex[2]_Date_01_15_2020_ 1428,Blue,100
100114202002_Blue_Lane [6]_RackIndex[13]_Date_01_23_2020_ 1642,Blue,100
100114202002_White_Lane [1]_RackIndex[2]_Date_01_15_2020_ 1331,White,99.9997
100114202002_White_Lane [1]_RackIndex[2]_Date_01_15_2020_ 1363,White,99.9997
100114202002_White_Lane [1]_RackIndex[2]_Date_01_15_2020_ 1395,White,99.9997
100114202002_White_Lane [1]_RackIndex[2]_Date_01_15_2020_ 1427,White,99.9997
100114202002_White_Lane [6]_RackIndex[13]_Date_01_23_2020_ 1641,White,99.9998
100114202003_Blue_Lane [1]_RackIndex[3]_Date_01_15_2020_ 1334,Blue,100
100114202003_Blue_Lane [1]_RackIndex[3]_Date_01_15_2020_ 1366,Blue,100
100114202003_Blue_Lane [1]_RackIndex[3]_Date_01_15_2020_ 1398,Blue,100
100114202003_Blue_Lane [1]_RackIndex[3]_Date_01_15_2020_ 1430,Blue,100
100114202003_Blue_Lane [6]_RackIndex[16]_Date_01_23_2020_ 1648,Blue,99.9999
100114202003_White_Lane [1]_RackIndex[3]_Date_01_15_2020_ 1333,White,99.999
100114202003_White_Lane [1]_RackIndex[3]_Date_01_15_2020_ 1365,White,99.9988
100114202003_White_Lane [1]_RackIndex[3]_Date_01_15_2020_ 1397,White,99.999
100114202003_White_Lane [1]_RackIndex[3]_Date_01_15_2020_ 1429,White,99.999
100114202003_White_Lane [6]_RackIndex[16]_Date_01_23_2020_ 1647,White,99.9988
100114202004_Blue_Lane [1]_RackIndex[4]_Date_01_15_2020_ 1336,Blue,100
100114202004_Blue_Lane [1]_RackIndex[4]_Date_01_15_2020_ 1368,Blue,100
100114202004_Blue_Lane [1]_RackIndex[4]_Date_01_15_2020_ 1400,Blue,100
100114202004_Blue_Lane [1]_RackIndex[4]_Date_01_15_2020_ 1432,Blue,100
100114202004_Blue_Lane [6]_RackIndex[12]_Date_01_23_2020_ 1640,Blue,100
100114202004_White_Lane [1]_RackIndex[4]_Date_01_15_2020_ 1335,White,99.9997
100114202004_White_Lane [1]_RackIndex[4]_Date_01_15_2020_ 1367,White,99.9997
100114202004_White_Lane [1]_RackIndex[4]_Date_01_15_2020_ 1399,White,99.9997
100114202004_White_Lane [1]_RackIndex[4]_Date_01_15_2020_ 1431,White,99.9997
100114202004_White_Lane [6]_RackIndex[12]_Date_01_23_2020_ 1639,White,99.9996
100114202005_Blue_Lane [1]_RackIndex[5]_Date_01_15_2020_ 1338,Blue,100
100114202005_Blue_Lane [1]_RackIndex[5]_Date_01_15_2020_ 1370,Blue,100
100114202005_Blue_Lane [1]_RackIndex[5]_Date_01_15_2020_ 1402,Blue,100
100114202005_Blue_Lane [1]_RackIndex[5]_Date_01_15_2020_ 1434,Blue,100
100114202005_Blue_Lane [6]_RackIndex[10]_Date_01_23_2020_ 1636,Blue,100
100114202005_White_Lane [1]_RackIndex[5]_Date_01_15_2020_ 1337,White,99.9999
100114202005_White_Lane [1]_RackIndex[5]_Date_01_15_2020_ 1369,White,99.9999
100114202005_White_Lane [1]_RackIndex[5]_Date_01_15_2020_ 1401,White,99.9999
100114202005_White_Lane [1]_RackIndex[5]_Date_01_15_2020_ 1433,White,99.9999
100114202005_White_Lane [6]_RackIndex[10]_Date_01_23_2020_ 1635,White,99.9998
100114202006_Blue_Lane [1]_RackIndex[6]_Date_01_15_2020_ 1340,Blue,100
100114202006_Blue_Lane [1]_RackIndex[6]_Date_01_15_2020_ 1372,Blue,100
100114202006_Blue_Lane [1]_RackIndex[6]_Date_01_15_2020_ 1404,Blue,100
100114202006_Blue_Lane [1]_RackIndex[6]_Date_01_15_2020_ 1436,Blue,100
100114202006_Blue_Lane [6]_RackIndex[6]_Date_01_23_2020_ 1628,Blue,100
100114202006_White_Lane [1]_RackIndex[6]_Date_01_15_2020_ 1339,White,99.9999
100114202006_White_Lane [1]_RackIndex[6]_Date_01_15_2020_ 1371,White,99.9999
100114202006_White_Lane [1]_RackIndex[6]_Date_01_15_2020_ 1403,White,99.9999
100114202006_White_Lane [1]_RackIndex[6]_Date_01_15_2020_ 1435,White,99.9999
100114202006_White_Lane [6]_RackIndex[6]_Date_01_23_2020_ 1627,White,99.9999
100114202007_Blue_Lane [1]_RackIndex[7]_Date_01_15_2020_ 1342,Blue,100
100114202007_Blue_Lane [1]_RackIndex[7]_Date_01_15_2020_ 1374,Blue,100
100114202007_Blue_Lane [1]_RackIndex[7]_Date_01_15_2020_ 1406,Blue,100
100114202007_Blue_Lane [1]_RackIndex[7]_Date_01_15_2020_ 1438,Blue,100
100114202007_Blue_Lane [6]_RackIndex[2]_Date_01_23_2020_ 1620,Blue,100
100114202007_White_Lane [1]_RackIndex[7]_Date_01_15_2020_ 1341,White,99.9993
100114202007_White_Lane [1]_RackIndex[7]_Date_01_15_2020_ 1373,White,99.9993
100114202007_White_Lane [1]_RackIndex[7]_Date_01_15_2020_ 1405,White,99.9994
100114202007_White_Lane [1]_RackIndex[7]_Date_01_15_2020_ 1437,White,99.9995
100114202007_White_Lane [6]_RackIndex[2]_Date_01_23_2020_ 1619,White,99.9994
100114202008_Blue_Lane [1]_RackIndex[8]_Date_01_15_2020_ 1344,Blue,100
100114202008_Blue_Lane [1]_RackIndex[8]_Date_01_15_2020_ 1376,Blue,100
100114202008_Blue_Lane [1]_RackIndex[8]_Date_01_15_2020_ 1408,Blue,100
100114202008_Blue_Lane [1]_RackIndex[8]_Date_01_15_2020_ 1440,Blue,100
100114202008_White_Lane [1]_RackIndex[8]_Date_01_15_2020_ 1343,White,99.9999
100114202008_White_Lane [1]_RackIndex[8]_Date_01_15_2020_ 1375,White,99.9999
100114202008_White_Lane [1]_RackIndex[8]_Date_01_15_2020_ 1407,White,100
100114202008_White_Lane [1]_RackIndex[8]_Date_01_15_2020_ 1439,White,100
100114202009_Blue_Lane [1]_RackIndex[9]_Date_01_15_2020_ 1346,Blue,100
100114202009_Blue_Lane [1]_RackIndex[9]_Date_01_15_2020_ 1378,Blue,100
100114202009_Blue_Lane [1]_RackIndex[9]_Date_01_15_2020_ 1410,Blue,100
100114202009_Blue_Lane [1]_RackIndex[9]_Date_01_15_2020_ 1442,Blue,100
100114202009_Blue_Lane [6]_RackIndex[15]_Date_01_23_2020_ 1646,Blue,100
100114202009_White_Lane [1]_RackIndex[9]_Date_01_15_2020_ 1345,White,99.9999
100114202009_White_Lane [1]_RackIndex[9]_Date_01_15_2020_ 1377,White,99.9999
100114202009_White_Lane [1]_RackIndex[9]_Date_01_15_2020_ 1409,White,99.9999
100114202009_White_Lane [1]_RackIndex[9]_Date_01_15_2020_ 1441,White,99.9999
100114202009_White_Lane [6]_RackIndex[15]_Date_01_23_2020_ 1645,White,99.9999
100114202010_Blue_Lane [6]_RackIndex[11]_Date_01_23_2020_ 1638,Blue,100
100114202010_White_Lane [6]_RackIndex[11]_Date_01_23_2020_ 1637,White,99.9996
100114202011_Blue_Lane [1]_RackIndex[11]_Date_01_15_2020_ 1350,Blue,100
100114202011_Blue_Lane [1]_RackIndex[11]_Date_01_15_2020_ 1382,Blue,100
100114202011_Blue_Lane [1]_RackIndex[11]_Date_01_15_2020_ 1414,Blue,100
100114202011_Blue_Lane [1]_RackIndex[11]_Date_01_15_2020_ 1446,Blue,100
100114202011_Blue_Lane [6]_RackIndex[9]_Date_01_23_2020_ 1634,Blue,100
100114202011_White_Lane [1]_RackIndex[11]_Date_01_15_2020_ 1349,White,99.9999
100114202011_White_Lane [1]_RackIndex[11]_Date_01_15_2020_ 1381,White,99.9999
100114202011_White_Lane [1]_RackIndex[11]_Date_01_15_2020_ 1413,White,99.9999
100114202011_White_Lane [1]_RackIndex[11]_Date_01_15_2020_ 1445,White,99.9999
100114202011_White_Lane [6]_RackIndex[9]_Date_01_23_2020_ 1633,White,99.9999
100114202012_Blue_Lane [6]_RackIndex[5]_Date_01_23_2020_ 1626,Blue,100
100114202012_White_Lane [6]_RackIndex[5]_Date_01_23_2020_ 1625,White,99.9998
100114202013_Blue_Lane [1]_RackIndex[13]_Date_01_15_2020_ 1354,Blue,100
100114202013_Blue_Lane [1]_RackIndex[13]_Date_01_15_2020_ 1386,Blue,100
100114202013_Blue_Lane [1]_RackIndex[13]_Date_01_15_2020_ 1418,Blue,100
100114202013_Blue_Lane [1]_RackIndex[13]_Date_01_15_2020_ 1450,Blue,100
100114202013_Blue_Lane [6]_RackIndex[1]_Date_01_23_2020_ 1618,Blue,100
100114202013_White_Lane [1]_RackIndex[13]_Date_01_15_2020_ 1353,White,99.9999
100114202013_White_Lane [1]_RackIndex[13]_Date_01_15_2020_ 1385,White,99.9999
100114202013_White_Lane [1]_RackIndex[13]_Date_01_15_2020_ 1417,White,99.9999
100114202013_White_Lane [1]_RackIndex[13]_Date_01_15_2020_ 1449,White,99.9999
100114202013_White_Lane [6]_RackIndex[1]_Date_01_23_2020_ 1617,White,99.9999
100114202014_White_Lane [1]_RackIndex[14]_Date_01_15_2020_ 1355,White,99.9997
100114202014_White_Lane [1]_RackIndex[14]_Date_01_15_2020_ 1387,White,99.9996
100114202014_White_Lane [1]_RackIndex[14]_Date_01_15_2020_ 1419,White,99.9997
100114202014_White_Lane [1]_RackIndex[14]_Date_01_15_2020_ 1451,White,99.9997
100114202014_White_Lane [2]_RackIndex[9]_Date_01_23_2020_ 1505,White,99.9997
100114202015_Blue_Lane [2]_RackIndex[8]_Date_01_23_2020_ 1504,Blue,100
100114202015_White_Lane [2]_RackIndex[8]_Date_01_23_2020_ 1503,White,99.9998
100116202051_Blue_Lane [2]_RackIndex[14]_Date_01_23_2020_ 1516,Blue,100
100116202051_White_Lane [2]_RackIndex[14]_Date_01_23_2020_ 1515,White,99.9999
100116202052_Blue_Lane [2]_RackIndex[15]_Date_01_23_2020_ 1518,Blue,100
100116202052_White_Lane [2]_RackIndex[15]_Date_01_23_2020_ 1517,White,100
100116202053_Blue_Lane [3]_RackIndex[1]_Date_01_23_2020_ 1522,Blue,100
100116202053_White_Lane [3]_RackIndex[1]_Date_01_23_2020_ 1521,White,100
100116202054_Blue_Lane [3]_RackIndex[2]_Date_01_23_2020_ 1524,Blue,100
100116202054_White_Lane [3]_RackIndex[2]_Date_01_23_2020_ 1523,White,99.9999
100116202055_Blue_Lane [2]_RackIndex[7]_Date_01_23_2020_ 1502,Blue,100
100116202055_White_Lane [2]_RackIndex[7]_Date_01_23_2020_ 1501,White,99.9999
100116202056_Blue_Lane [2]_RackIndex[6]_Date_01_23_2020_ 1500,Blue,100
100116202056_White_Lane [2]_RackIndex[6]_Date_01_23_2020_ 1499,White,99.9999
100116202057_Blue_Lane [2]_RackIndex[11]_Date_01_23_2020_ 1510,Blue,100
100116202057_White_Lane [2]_RackIndex[11]_Date_01_23_2020_ 1509,White,99.9999
100116202058_Blue_Lane [2]_RackIndex[13]_Date_01_23_2020_ 1514,Blue,99.9999
100116202058_White_Lane [2]_RackIndex[13]_Date_01_23_2020_ 1513,White,99.9996
100116202059_Blue_Lane [2]_RackIndex[16]_Date_01_23_2020_ 1520,Blue,100
100116202059_White_Lane [2]_RackIndex[16]_Date_01_23_2020_ 1519,White,100
100116202060_Blue_Lane [3]_RackIndex[3]_Date_01_23_2020_ 1526,Blue,100
100116202060_White_Lane [3]_RackIndex[3]_Date_01_23_2020_ 1525,White,100
100116202061_Blue_Lane [2]_RackIndex[5]_Date_01_23_2020_ 1498,Blue,100
100116202061_White_Lane [2]_RackIndex[5]_Date_01_23_2020_ 1497,White,99.9999
100116202062_Blue_Lane [2]_RackIndex[4]_Date_01_23_2020_ 1496,Blue,99.9999
100116202062_White_Lane [2]_RackIndex[4]_Date_01_23_2020_ 1495,White,99.9995
100116202063_Blue_Lane [2]_RackIndex[10]_Date_01_23_2020_ 1508,Blue,100
100116202063_White_Lane [2]_RackIndex[10]_Date_01_23_2020_ 1507,White,99.9998
100116202064_Blue_Lane [2]_RackIndex[12]_Date_01_23_2020_ 1512,Blue,100
100116202064_White_Lane [2]_RackIndex[12]_Date_01_23_2020_ 1511,White,99.9999
100116202065_Blue_Lane [3]_RackIndex[5]_Date_01_23_2020_ 1530,Blue,100
100116202065_White_Lane [3]_RackIndex[5]_Date_01_23_2020_ 1529,White,99.9998
100116202066_Blue_Lane [3]_RackIndex[4]_Date_01_23_2020_ 1528,Blue,100
100116202066_White_Lane [3]_RackIndex[4]_Date_01_23_2020_ 1527,White,99.9997
100116202067_Blue_Lane [2]_RackIndex[3]_Date_01_23_2020_ 1494,Blue,100
100116202067_White_Lane [2]_RackIndex[3]_Date_01_23_2020_ 1493,White,99.9999
100116202068_Blue_Lane [2]_RackIndex[2]_Date_01_23_2020_ 1492,Blue,100
100116202068_White_Lane [2]_RackIndex[2]_Date_01_23_2020_ 1491,White,100
100116202069_Blue_Lane [2]_RackIndex[1]_Date_01_23_2020_ 1490,Blue,100
100116202069_White_Lane [2]_RackIndex[1]_Date_01_23_2020_ 1489,White,99.9999
100116202070_Blue_Lane [1]_RackIndex[16]_Date_01_23_2020_ 1488,Blue,100
100116202070_White_Lane [1]_RackIndex[16]_Date_01_23_2020_ 1487,White,99.9999
100117202001_Blue_Lane [4]_RackIndex[6]_Date_01_23_2020_ 1564,Blue,100
100117202001_White_Lane [4]_RackIndex[6]_Date_01_23_2020_ 1563,White,99.9998
100117202002_Blue_Lane [4]_RackIndex[4]_Date_01_23_2020_ 1560,Blue,100
100117202002_White_Lane [4]_RackIndex[4]_Date_01_23_2020_ 1559,White,99.9999
100117202003_Blue_Lane [4]_RackIndex[5]_Date_01_23_2020_ 1562,Blue,100
100117202003_White_Lane [4]_RackIndex[5]_Date_01_23_2020_ 1561,White,100
100117202004_Blue_Lane [4]_RackIndex[8]_Date_01_23_2020_ 1568,Blue,100
100117202004_White_Lane [4]_RackIndex[8]_Date_01_23_2020_ 1567,White,99.9999
100117202005_Blue_Lane [4]_RackIndex[10]_Date_01_23_2020_ 1572,Blue,100
100117202005_White_Lane [4]_RackIndex[10]_Date_01_23_2020_ 1571,White,99.9999
100117202006_Blue_Lane [4]_RackIndex[11]_Date_01_23_2020_ 1574,Blue,100
100117202006_White_Lane [4]_RackIndex[11]_Date_01_23_2020_ 1573,White,99.9999
100117202007_Blue_Lane [4]_RackIndex[7]_Date_01_23_2020_ 1566,Blue,100
100117202007_White_Lane [4]_RackIndex[7]_Date_01_23_2020_ 1565,White,99.9999
100117202008_Blue_Lane [4]_RackIndex[2]_Date_01_23_2020_ 1556,Blue,100
100117202008_White_Lane [4]_RackIndex[2]_Date_01_23_2020_ 1555,White,99.9999
100117202009_Blue_Lane [4]_RackIndex[3]_Date_01_23_2020_ 1558,Blue,100
100117202009_White_Lane [4]_RackIndex[3]_Date_01_23_2020_ 1557,White,99.9995
100117202010_Blue_Lane [4]_RackIndex[9]_Date_01_23_2020_ 1570,Blue,100
100117202010_White_Lane [4]_RackIndex[9]_Date_01_23_2020_ 1569,White,99.9997
100117202011_Blue_Lane [4]_RackIndex[12]_Date_01_23_2020_ 1576,Blue,100
100117202011_White_Lane [4]_RackIndex[12]_Date_01_23_2020_ 1575,White,100
100117202012_Blue_Lane [4]_RackIndex[13]_Date_01_23_2020_ 1578,Blue,100
100117202012_White_Lane [4]_RackIndex[13]_Date_01_23_2020_ 1577,White,99.9999
100117202015_Blue_Lane [3]_RackIndex[15]_Date_01_23_2020_ 1550,Blue,100
100117202015_White_Lane [3]_RackIndex[15]_Date_01_23_2020_ 1549,White,100
100117202016_Blue_Lane [3]_RackIndex[14]_Date_01_23_2020_ 1548,Blue,100
100117202016_White_Lane [3]_RackIndex[14]_Date_01_23_2020_ 1547,White,99.9999
100117202017_Blue_Lane [4]_RackIndex[1]_Date_01_23_2020_ 1554,Blue,99.9999
100117202017_White_Lane [4]_RackIndex[1]_Date_01_23_2020_ 1553,White,99.9998
100117202018_Blue_Lane [3]_RackIndex[16]_Date_01_23_2020_ 1552,Blue,100
100117202018_White_Lane [3]_RackIndex[16]_Date_01_23_2020_ 1551,White,99.9999
100117202019_Blue_Lane [3]_RackIndex[7]_Date_01_23_2020_ 1534,Blue,100
100117202019_White_Lane [3]_RackIndex[7]_Date_01_23_2020_ 1533,White,99.9999
100117202020_Blue_Lane [3]_RackIndex[6]_Date_01_23_2020_ 1532,Blue,100
100117202020_White_Lane [3]_RackIndex[6]_Date_01_23_2020_ 1531,White,99.9999
100117202021_Blue_Lane [3]_RackIndex[9]_Date_01_23_2020_ 1538,Blue,100
100117202021_White_Lane [3]_RackIndex[9]_Date_01_23_2020_ 1537,White,100
100117202022_Blue_Lane [3]_RackIndex[8]_Date_01_23_2020_ 1536,Blue,100
100117202022_White_Lane [3]_RackIndex[8]_Date_01_23_2020_ 1535,White,99.9999
100117202023_Blue_Lane [3]_RackIndex[11]_Date_01_23_2020_ 1542,Blue,100
100117202023_White_Lane [3]_RackIndex[11]_Date_01_23_2020_ 1541,White,99.9999
100122202002_Blue_Lane [1]_RackIndex[13]_Date_01_23_2020_ 1482,Blue,100
100122202002_White_Lane [1]_RackIndex[13]_Date_01_23_2020_ 1481,White,99.9996
100122202003_Blue_Lane [1]_RackIndex[14]_Date_01_23_2020_ 1484,Blue,100
100122202003_White_Lane [1]_RackIndex[14]_Date_01_23_2020_ 1483,White,99.9999
100122202004_White_Lane [1]_RackIndex[7]_Date_01_23_2020_ 1469,White,99.9999
100122202005_Blue_Lane [1]_RackIndex[8]_Date_01_23_2020_ 1472,Blue,100
100122202005_White_Lane [1]_RackIndex[8]_Date_01_23_2020_ 1471,White,99.9991
100122202006_Blue_Lane [1]_RackIndex[11]_Date_01_23_2020_ 1478,Blue,100
100122202006_White_Lane [1]_RackIndex[11]_Date_01_23_2020_ 1477,White,99.9997
100122202007_Blue_Lane [1]_RackIndex[12]_Date_01_23_2020_ 1480,Blue,100
100122202007_White_Lane [1]_RackIndex[12]_Date_01_23_2020_ 1479,White,99.9999
100122202008_Blue_Lane [1]_RackIndex[9]_Date_01_23_2020_ 1474,Blue,99.9999
100122202008_White_Lane [1]_RackIndex[9]_Date_01_23_2020_ 1473,White,99.9991
100122202009_Blue_Lane [1]_RackIndex[10]_Date_01_23_2020_ 1476,Blue,100
100122202009_White_Lane [1]_RackIndex[10]_Date_01_23_2020_ 1475,White,99.9999
100122202010_Blue_Lane [1]_RackIndex[5]_Date_01_23_2020_ 1466,Blue,100
100122202010_White_Lane [1]_RackIndex[5]_Date_01_23_2020_ 1465,White,99.9998
100122202011_Blue_Lane [1]_RackIndex[1]_Date_01_23_2020_ 1458,Blue,100
100122202011_White_Lane [1]_RackIndex[1]_Date_01_23_2020_ 1457,White,99.9997
100122202012_Blue_Lane [1]_RackIndex[2]_Date_01_23_2020_ 1460,Blue,100
100122202012_White_Lane [1]_RackIndex[2]_Date_01_23_2020_ 1459,White,99.9998
100122202013_Blue_Lane [1]_RackIndex[3]_Date_01_23_2020_ 1462,Blue,100
100122202013_White_Lane [1]_RackIndex[3]_Date_01_23_2020_ 1461,White,99.9999
100122202014_Blue_Lane [1]_RackIndex[4]_Date_01_23_2020_ 1464,Blue,100
100122202014_White_Lane [1]_RackIndex[4]_Date_01_23_2020_ 1463,White,99.9987
100122202015_Blue_Lane [1]_RackIndex[6]_Date_01_23_2020_ 1468,Blue,100
100122202015_White_Lane [1]_RackIndex[6]_Date_01_23_2020_ 1467,White,99.9999
100123202035_Blue_Lane [2]_RackIndex[8]_Date_02_03_2020_ 0566,Blue,100
100123202035_White_Lane [2]_RackIndex[8]_Date_02_03_2020_ 0565,White,99.9999
100123202036_Blue_Lane [2]_RackIndex[7]_Date_02_03_2020_ 0564,Blue,100
100123202036_White_Lane [2]_RackIndex[7]_Date_02_03_2020_ 0563,White,100
100123202037_Blue_Lane [2]_RackIndex[6]_Date_02_03_2020_ 0562,Blue,100
100123202037_White_Lane [2]_RackIndex[6]_Date_02_03_2020_ 0561,White,100
100123202038_Blue_Lane [2]_RackIndex[5]_Date_02_03_2020_ 0560,Blue,100
100123202038_White_Lane [2]_RackIndex[5]_Date_02_03_2020_ 0559,White,99.9999
100123202039_Blue_Lane [2]_RackIndex[4]_Date_02_03_2020_ 0558,Blue,99.9999
100123202039_White_Lane [2]_RackIndex[4]_Date_02_03_2020_ 0557,White,99.9999
100123202040_Blue_Lane [2]_RackIndex[3]_Date_02_03_2020_ 0556,Blue,99.9999
100123202040_White_Lane [2]_RackIndex[3]_Date_02_03_2020_ 0555,White,99.9999
100123202041_Blue_Lane [2]_RackIndex[2]_Date_02_03_2020_ 0554,Blue,100
100123202041_White_Lane [2]_RackIndex[2]_Date_02_03_2020_ 0553,White,100
100123202042_Blue_Lane [2]_RackIndex[1]_Date_02_03_2020_ 0552,Blue,100
100123202042_White_Lane [2]_RackIndex[1]_Date_02_03_2020_ 0551,White,100
100123202043_Blue_Lane [1]_RackIndex[16]_Date_02_03_2020_ 0550,Blue,100
100123202043_White_Lane [1]_RackIndex[16]_Date_02_03_2020_ 0549,White,99.9999
100123202044_Blue_Lane [1]_RackIndex[15]_Date_02_03_2020_ 0548,Blue,100
100123202044_White_Lane [1]_RackIndex[15]_Date_02_03_2020_ 0547,White,99.9999
100123202045_Blue_Lane [1]_RackIndex[14]_Date_02_03_2020_ 0546,Blue,100
100123202045_White_Lane [1]_RackIndex[14]_Date_02_03_2020_ 0545,White,99.9999
100123202046_Blue_Lane [1]_RackIndex[13]_Date_02_03_2020_ 0544,Blue,100
100123202046_White_Lane [1]_RackIndex[13]_Date_02_03_2020_ 0543,White,100
100123202047_Blue_Lane [1]_RackIndex[12]_Date_02_03_2020_ 0542,Blue,100
100123202047_White_Lane [1]_RackIndex[12]_Date_02_03_2020_ 0541,White,99.9999
100123202048_Blue_Lane [1]_RackIndex[11]_Date_02_03_2020_ 0540,Blue,100
100123202048_White_Lane [1]_RackIndex[11]_Date_02_03_2020_ 0539,White,100
100123202049_Blue_Lane [1]_RackIndex[10]_Date_02_03_2020_ 0538,Blue,100
100123202049_White_Lane [1]_RackIndex[10]_Date_02_03_2020_ 0537,White,99.9999
100123202050_Blue_Lane [1]_RackIndex[9]_Date_02_03_2020_ 0536,Blue,100
100123202050_White_Lane [1]_RackIndex[9]_Date_02_03_2020_ 0535,White,99.9999
100123202051_Blue_Lane [1]_RackIndex[8]_Date_02_03_2020_ 0534,Blue,100
100123202051_White_Lane [1]_RackIndex[8]_Date_02_03_2020_ 0533,White,99.9997
100123202052_Blue_Lane [1]_RackIndex[7]_Date_02_03_2020_ 0532,Blue,100
100123202052_White_Lane [1]_RackIndex[7]_Date_02_03_2020_ 0531,White,99.9993
100123202053_Blue_Lane [1]_RackIndex[6]_Date_02_03_2020_ 0530,Blue,100
100123202053_White_Lane [1]_RackIndex[6]_Date_02_03_2020_ 0529,White,99.9998
100123202054_Blue_Lane [1]_RackIndex[5]_Date_02_03_2020_ 0528,Blue,100
100123202054_White_Lane [1]_RackIndex[5]_Date_02_03_2020_ 0527,White,99.9999
100123202055_Blue_Lane [1]_RackIndex[4]_Date_02_03_2020_ 0526,Blue,100
100123202055_White_Lane [1]_RackIndex[4]_Date_02_03_2020_ 0525,White,99.9997
100123202056_Blue_Lane [1]_RackIndex[3]_Date_02_03_2020_ 0524,Blue,100
100123202056_White_Lane [1]_RackIndex[3]_Date_02_03_2020_ 0523,White,100
100123202057_Blue_Lane [1]_RackIndex[2]_Date_02_03_2020_ 0522,Blue,100
100123202057_White_Lane [1]_RackIndex[2]_Date_02_03_2020_ 0521,White,99.9999
100123202058_Blue_Lane [1]_RackIndex[1]_Date_02_03_2020_ 0520,Blue,100
100123202058_White_Lane [1]_RackIndex[1]_Date_02_03_2020_ 0519,White,99.9998
100128202001_Blue_Lane [2]_RackIndex[9]_Date_02_03_2020_ 0568,Blue,100
100128202001_White_Lane [2]_RackIndex[9]_Date_02_03_2020_ 0567,White,99.9999
100128202002_Blue_Lane [2]_RackIndex[10]_Date_02_03_2020_ 0570,Blue,100
100128202002_White_Lane [2]_RackIndex[10]_Date_02_03_2020_ 0569,White,100
100128202003_Blue_Lane [2]_RackIndex[11]_Date_02_03_2020_ 0572,Blue,100
100128202003_White_Lane [2]_RackIndex[11]_Date_02_03_2020_ 0571,White,99.9999
100128202004_Blue_Lane [2]_RackIndex[12]_Date_02_03_2020_ 0574,Blue,100
100128202004_White_Lane [2]_RackIndex[12]_Date_02_03_2020_ 0573,White,100
100128202005_Blue_Lane [2]_RackIndex[13]_Date_02_03_2020_ 0576,Blue,100
100128202005_White_Lane [2]_RackIndex[13]_Date_02_03_2020_ 0575,White,99.9999
100128202006_Blue_Lane [2]_RackIndex[14]_Date_02_03_2020_ 0578,Blue,100
100128202006_White_Lane [2]_RackIndex[14]_Date_02_03_2020_ 0577,White,100
100128202007_Blue_Lane [2]_RackIndex[15]_Date_02_03_2020_ 0580,Blue,100
100128202007_White_Lane [2]_RackIndex[15]_Date_02_03_2020_ 0579,White,99.9999
100128202008_Blue_Lane [2]_RackIndex[16]_Date_02_03_2020_ 0582,Blue,99.9998
100128202008_White_Lane [2]_RackIndex[16]_Date_02_03_2020_ 0581,White,99.9997
100128202009_Blue_Lane [3]_RackIndex[1]_Date_02_03_2020_ 0584,Blue,100
100128202009_White_Lane [3]_RackIndex[1]_Date_02_03_2020_ 0583,White,100
100128202010_Blue_Lane [3]_RackIndex[2]_Date_02_03_2020_ 0586,Blue,100
100128202010_White_Lane [3]_RackIndex[2]_Date_02_03_2020_ 0585,White,99.9997
100128202011_Blue_Lane [3]_RackIndex[3]_Date_02_03_2020_ 0588,Blue,100
100128202011_White_Lane [3]_RackIndex[3]_Date_02_03_2020_ 0587,White,99.9999
100128202012_Blue_Lane [3]_RackIndex[4]_Date_02_03_2020_ 0590,Blue,100
100128202012_White_Lane [3]_RackIndex[4]_Date_02_03_2020_ 0589,White,100
100128202013_Blue_Lane [3]_RackIndex[5]_Date_02_03_2020_ 0592,Blue,100
100128202013_White_Lane [3]_RackIndex[5]_Date_02_03_2020_ 0591,White,99.9999
100128202014_Blue_Lane [3]_RackIndex[6]_Date_02_03_2020_ 0594,Blue,100
100128202014_White_Lane [3]_RackIndex[6]_Date_02_03_2020_ 0593,White,99.9999
100128202015_Blue_Lane [3]_RackIndex[7]_Date_02_03_2020_ 0596,Blue,100
100128202015_White_Lane [3]_RackIndex[7]_Date_02_03_2020_ 0595,White,99.9999
100128202016_Blue_Lane [3]_RackIndex[8]_Date_02_03_2020_ 0598,Blue,100
100128202016_White_Lane [3]_RackIndex[8]_Date_02_03_2020_ 0597,White,100
100128202017_Blue_Lane [3]_RackIndex[9]_Date_02_03_2020_ 0600,Blue,100
100128202017_White_Lane [3]_RackIndex[9]_Date_02_03_2020_ 0599,White,100
100128202018_Blue_Lane [3]_RackIndex[10]_Date_02_03_2020_ 0602,Blue,100
100128202018_White_Lane [3]_RackIndex[10]_Date_02_03_2020_ 0601,White,100
100128202019_Blue_Lane [3]_RackIndex[11]_Date_02_03_2020_ 0604,Blue,100
100128202019_White_Lane [3]_RackIndex[11]_Date_02_03_2020_ 0603,White,99.9998
100128202020_Blue_Lane [3]_RackIndex[12]_Date_02_03_2020_ 0606,Blue,100
100128202020_White_Lane [3]_RackIndex[12]_Date_02_03_2020_ 0605,White,99.9999
